{
"meta":{"test_sets":[],"test_metrics":[],"learn_metrics":[{"best_value":"Min","name":"Logloss"}],"launch_mode":"Train","parameters":"","iteration_count":1000,"learn_sets":["learn"],"name":"experiment"},
"iterations":[
{"learn":[0.2598694231],"iteration":0,"passed_time":0.01097479757,"remaining_time":10.96382278},
{"learn":[0.1750360911],"iteration":1,"passed_time":0.02380431755,"remaining_time":11.87835445},
{"learn":[0.149662822],"iteration":2,"passed_time":0.03135336131,"remaining_time":10.41976708},
{"learn":[0.1271859942],"iteration":3,"passed_time":0.04536812632,"remaining_time":11.29666345},
{"learn":[0.1193935724],"iteration":4,"passed_time":0.055713958,"remaining_time":11.08707764},
{"learn":[0.1111047534],"iteration":5,"passed_time":0.06291401338,"remaining_time":10.42275488},
{"learn":[0.1042729471],"iteration":6,"passed_time":0.07499430598,"remaining_time":10.63847798},
{"learn":[0.09852660943],"iteration":7,"passed_time":0.08216060813,"remaining_time":10.18791541},
{"learn":[0.09375146129],"iteration":8,"passed_time":0.0959133602,"remaining_time":10.56112666},
{"learn":[0.08910999773],"iteration":9,"passed_time":0.1070636252,"remaining_time":10.59929889},
{"learn":[0.08538676046],"iteration":10,"passed_time":0.1136310195,"remaining_time":10.21646166},
{"learn":[0.07915074426],"iteration":11,"passed_time":0.1275608549,"remaining_time":10.50251038},
{"learn":[0.07420119257],"iteration":12,"passed_time":0.1401339587,"remaining_time":10.63940133},
{"learn":[0.06803794146],"iteration":13,"passed_time":0.1475698212,"remaining_time":10.39313169},
{"learn":[0.06368398239],"iteration":14,"passed_time":0.1604927839,"remaining_time":10.53902615},
{"learn":[0.06159828668],"iteration":15,"passed_time":0.1730119578,"remaining_time":10.64023541},
{"learn":[0.05879320519],"iteration":16,"passed_time":0.1798632232,"remaining_time":10.40032638},
{"learn":[0.05697620785],"iteration":17,"passed_time":0.1952200881,"remaining_time":10.65034036},
{"learn":[0.05599440669],"iteration":18,"passed_time":0.207086831,"remaining_time":10.69222006},
{"learn":[0.0541530899],"iteration":19,"passed_time":0.2193297595,"remaining_time":10.74715821},
{"learn":[0.05280571751],"iteration":20,"passed_time":0.2273419263,"remaining_time":10.59846409},
{"learn":[0.05153714287],"iteration":21,"passed_time":0.2415226863,"remaining_time":10.73678124},
{"learn":[0.04876943724],"iteration":22,"passed_time":0.2598330801,"remaining_time":11.03725736},
{"learn":[0.04661221921],"iteration":23,"passed_time":0.2763420327,"remaining_time":11.23790933},
{"learn":[0.04532464435],"iteration":24,"passed_time":0.2927998248,"remaining_time":11.41919317},
{"learn":[0.04389125126],"iteration":25,"passed_time":0.3051395304,"remaining_time":11.43099625},
{"learn":[0.04228723559],"iteration":26,"passed_time":0.3170575073,"remaining_time":11.42581313},
{"learn":[0.04124066465],"iteration":27,"passed_time":0.3252304426,"remaining_time":11.29014251},
{"learn":[0.04051393476],"iteration":28,"passed_time":0.3387075348,"remaining_time":11.34086263},
{"learn":[0.04005446472],"iteration":29,"passed_time":0.3492375124,"remaining_time":11.2920129},
{"learn":[0.03908721297],"iteration":30,"passed_time":0.3574685207,"remaining_time":11.17377408},
{"learn":[0.0385794585],"iteration":31,"passed_time":0.3704209784,"remaining_time":11.2052346},
{"learn":[0.03765374682],"iteration":32,"passed_time":0.381600396,"remaining_time":11.18204797},
{"learn":[0.03710087471],"iteration":33,"passed_time":0.3898261142,"remaining_time":11.07564783},
{"learn":[0.0365604096],"iteration":34,"passed_time":0.4040246086,"remaining_time":11.13953564},
{"learn":[0.03579214283],"iteration":35,"passed_time":0.423594381,"remaining_time":11.3429162},
{"learn":[0.03424236793],"iteration":36,"passed_time":0.4499156474,"remaining_time":11.70996671},
{"learn":[0.03343673527],"iteration":37,"passed_time":0.4623693071,"remaining_time":11.70524404},
{"learn":[0.03315806556],"iteration":38,"passed_time":0.4813958441,"remaining_time":11.86208734},
{"learn":[0.03288937031],"iteration":39,"passed_time":0.4953880332,"remaining_time":11.8893128},
{"learn":[0.03196968363],"iteration":40,"passed_time":0.5036439182,"remaining_time":11.78035409},
{"learn":[0.03148024895],"iteration":41,"passed_time":0.5156235143,"remaining_time":11.76112683},
{"learn":[0.03109584464],"iteration":42,"passed_time":0.5226512043,"remaining_time":11.63202797},
{"learn":[0.03083168107],"iteration":43,"passed_time":0.534513829,"remaining_time":11.61352774},
{"learn":[0.03061599139],"iteration":44,"passed_time":0.5452060653,"remaining_time":11.57048427},
{"learn":[0.03024500384],"iteration":45,"passed_time":0.5530913477,"remaining_time":11.4706336},
{"learn":[0.02989010308],"iteration":46,"passed_time":0.5646057914,"remaining_time":11.44828339},
{"learn":[0.02954184783],"iteration":47,"passed_time":0.5770752298,"remaining_time":11.44532539},
{"learn":[0.02929076751],"iteration":48,"passed_time":0.5847826491,"remaining_time":11.34955713},
{"learn":[0.02892193427],"iteration":49,"passed_time":0.5968249646,"remaining_time":11.33967433},
{"learn":[0.02837516521],"iteration":50,"passed_time":0.604112109,"remaining_time":11.24122336},
{"learn":[0.02826632131],"iteration":51,"passed_time":0.6154439837,"remaining_time":11.22001724},
{"learn":[0.02799747904],"iteration":52,"passed_time":0.6257409819,"remaining_time":11.18069264},
{"learn":[0.02775733613],"iteration":53,"passed_time":0.6339706438,"remaining_time":11.10622646},
{"learn":[0.02754752099],"iteration":54,"passed_time":0.6463641075,"remaining_time":11.10571057},
{"learn":[0.02732070452],"iteration":55,"passed_time":0.6530825856,"remaining_time":11.00910644},
{"learn":[0.02707445194],"iteration":56,"passed_time":0.6618780052,"remaining_time":10.95001682},
{"learn":[0.02688481583],"iteration":57,"passed_time":0.6771014328,"remaining_time":10.9970612},
{"learn":[0.02670115911],"iteration":58,"passed_time":0.690715495,"remaining_time":11.01632679},
{"learn":[0.02652567594],"iteration":59,"passed_time":0.6991015142,"remaining_time":10.95259039},
{"learn":[0.02628958728],"iteration":60,"passed_time":0.7110590806,"remaining_time":10.94564716},
{"learn":[0.02601105903],"iteration":61,"passed_time":0.7239720147,"remaining_time":10.95299596},
{"learn":[0.02589810726],"iteration":62,"passed_time":0.7310172038,"remaining_time":10.87243048},
{"learn":[0.02550137024],"iteration":63,"passed_time":0.7435378963,"remaining_time":10.87424173},
{"learn":[0.02541072376],"iteration":64,"passed_time":0.7537270753,"remaining_time":10.84207408},
{"learn":[0.02520955591],"iteration":65,"passed_time":0.7613519324,"remaining_time":10.77428341},
{"learn":[0.02507438721],"iteration":66,"passed_time":0.7728885586,"remaining_time":10.76276157},
{"learn":[0.0249746293],"iteration":67,"passed_time":0.7794512736,"remaining_time":10.68306746},
{"learn":[0.02486612675],"iteration":68,"passed_time":0.792481215,"remaining_time":10.69275378},
{"learn":[0.0244729354],"iteration":69,"passed_time":0.8022988964,"remaining_time":10.65911391},
{"learn":[0.02437230613],"iteration":70,"passed_time":0.810270639,"remaining_time":10.60199188},
{"learn":[0.02426087916],"iteration":71,"passed_time":0.8236037256,"remaining_time":10.61533691},
{"learn":[0.02411802325],"iteration":72,"passed_time":0.8403433319,"remaining_time":10.67120916},
{"learn":[0.02399845117],"iteration":73,"passed_time":0.8507541715,"remaining_time":10.64592382},
{"learn":[0.02384637771],"iteration":74,"passed_time":0.8580755645,"remaining_time":10.58293196},
{"learn":[0.02380676818],"iteration":75,"passed_time":0.869109667,"remaining_time":10.56654385},
{"learn":[0.02370787039],"iteration":76,"passed_time":0.8757687236,"remaining_time":10.49785106},
{"learn":[0.02348641829],"iteration":77,"passed_time":0.8929996905,"remaining_time":10.55571429},
{"learn":[0.02339283515],"iteration":78,"passed_time":0.9057694446,"remaining_time":10.55966656},
{"learn":[0.02327665347],"iteration":79,"passed_time":0.9165280656,"remaining_time":10.54007275},
{"learn":[0.02309897917],"iteration":80,"passed_time":0.9231779152,"remaining_time":10.4740803},
{"learn":[0.02309902571],"iteration":81,"passed_time":0.9339597586,"remaining_time":10.4557934},
{"learn":[0.02302142633],"iteration":82,"passed_time":0.9410401312,"remaining_time":10.39679277},
{"learn":[0.0230205564],"iteration":83,"passed_time":0.9507481774,"remaining_time":10.36768251},
{"learn":[0.02290250339],"iteration":84,"passed_time":0.9571008309,"remaining_time":10.30290894},
{"learn":[0.02276348827],"iteration":85,"passed_time":0.967565492,"remaining_time":10.28319604},
{"learn":[0.02264378149],"iteration":86,"passed_time":0.9740945501,"remaining_time":10.22239453},
{"learn":[0.02264319174],"iteration":87,"passed_time":0.9856404535,"remaining_time":10.21481924},
{"learn":[0.02264313313],"iteration":88,"passed_time":0.9912006825,"remaining_time":10.14588564},
{"learn":[0.02264297222],"iteration":89,"passed_time":0.9980105317,"remaining_time":10.09099538},
{"learn":[0.02264290455],"iteration":90,"passed_time":1.003835523,"remaining_time":10.02732407},
{"learn":[0.0226426103],"iteration":91,"passed_time":1.01116011,"remaining_time":9.979710655},
{"learn":[0.02264230423],"iteration":92,"passed_time":1.020414263,"remaining_time":9.951782114},
{"learn":[0.02264228018],"iteration":93,"passed_time":1.027253106,"remaining_time":9.900971427},
{"learn":[0.02264219687],"iteration":94,"passed_time":1.032926356,"remaining_time":9.839982658},
{"learn":[0.02264203111],"iteration":95,"passed_time":1.039674517,"remaining_time":9.790268373},
{"learn":[0.02264147614],"iteration":96,"passed_time":1.045225467,"remaining_time":9.730294811},
{"learn":[0.02264093654],"iteration":97,"passed_time":1.054951209,"remaining_time":9.709857046},
{"learn":[0.02264045922],"iteration":98,"passed_time":1.060719712,"remaining_time":9.653620815},
{"learn":[0.02264033622],"iteration":99,"passed_time":1.070804145,"remaining_time":9.637237306},
{"learn":[0.02263978842],"iteration":100,"passed_time":1.077361528,"remaining_time":9.589584291},
{"learn":[0.02263978842],"iteration":101,"passed_time":1.092998969,"remaining_time":9.622677198},
{"learn":[0.02263978842],"iteration":102,"passed_time":1.139548698,"remaining_time":9.924030895},
{"learn":[0.02263978842],"iteration":103,"passed_time":1.148655371,"remaining_time":9.896107814},
{"learn":[0.02263978842],"iteration":104,"passed_time":1.156039108,"remaining_time":9.853857163},
{"learn":[0.02263978842],"iteration":105,"passed_time":1.161537513,"remaining_time":9.796363557},
{"learn":[0.02263978842],"iteration":106,"passed_time":1.169144795,"remaining_time":9.757442073},
{"learn":[0.02263978842],"iteration":107,"passed_time":1.174480369,"remaining_time":9.700337862},
{"learn":[0.02263978842],"iteration":108,"passed_time":1.185457709,"remaining_time":9.690301091},
{"learn":[0.02263978842],"iteration":109,"passed_time":1.190978718,"remaining_time":9.63610054},
{"learn":[0.02263978842],"iteration":110,"passed_time":1.197600677,"remaining_time":9.59159461},
{"learn":[0.02263978842],"iteration":111,"passed_time":1.202588,"remaining_time":9.53480486},
{"learn":[0.02263978842],"iteration":112,"passed_time":1.218796654,"remaining_time":9.567014447},
{"learn":[0.02263978842],"iteration":113,"passed_time":1.229217281,"remaining_time":9.553390446},
{"learn":[0.02263978842],"iteration":114,"passed_time":1.234852365,"remaining_time":9.502994287},
{"learn":[0.02263951859],"iteration":115,"passed_time":1.244851229,"remaining_time":9.486624883},
{"learn":[0.02263952194],"iteration":116,"passed_time":1.251183685,"remaining_time":9.442693967},
{"learn":[0.02263934895],"iteration":117,"passed_time":1.260966092,"remaining_time":9.425187228},
{"learn":[0.02263889584],"iteration":118,"passed_time":1.267481921,"remaining_time":9.383626663},
{"learn":[0.02263886462],"iteration":119,"passed_time":1.279100441,"remaining_time":9.380069902},
{"learn":[0.02263844877],"iteration":120,"passed_time":1.291701591,"remaining_time":9.383518167},
{"learn":[0.02263844898],"iteration":121,"passed_time":1.298556403,"remaining_time":9.345348542},
{"learn":[0.02263826387],"iteration":122,"passed_time":1.311782773,"remaining_time":9.353117821},
{"learn":[0.02263813359],"iteration":123,"passed_time":1.317203574,"remaining_time":9.305405891},
{"learn":[0.02263813359],"iteration":124,"passed_time":1.327682077,"remaining_time":9.293774541},
{"learn":[0.02263791235],"iteration":125,"passed_time":1.333105708,"remaining_time":9.247098326},
{"learn":[0.02263783281],"iteration":126,"passed_time":1.376329606,"remaining_time":9.460911389},
{"learn":[0.02263756304],"iteration":127,"passed_time":1.404857729,"remaining_time":9.570593282},
{"learn":[0.02263736412],"iteration":128,"passed_time":1.428282924,"remaining_time":9.643677724},
{"learn":[0.02263717048],"iteration":129,"passed_time":1.447390966,"remaining_time":9.686385695},
{"learn":[0.02263676374],"iteration":130,"passed_time":1.461695154,"remaining_time":9.69628312},
{"learn":[0.02263640025],"iteration":131,"passed_time":1.476038658,"remaining_time":9.706072386},
{"learn":[0.0226363741],"iteration":132,"passed_time":1.488738402,"remaining_time":9.704783418},
{"learn":[0.02263626879],"iteration":133,"passed_time":1.501727869,"remaining_time":9.705196528},
{"learn":[0.02263580931],"iteration":134,"passed_time":1.511150319,"remaining_time":9.682555751},
{"learn":[0.02263546189],"iteration":135,"passed_time":1.5259571,"remaining_time":9.694315696},
{"learn":[0.02263507246],"iteration":136,"passed_time":1.539281184,"remaining_time":9.696347894},
{"learn":[0.02263431582],"iteration":137,"passed_time":1.545587223,"remaining_time":9.654320188},
{"learn":[0.02256336878],"iteration":138,"passed_time":1.558387681,"remaining_time":9.653034483},
{"learn":[0.02243064467],"iteration":139,"passed_time":1.57201535,"remaining_time":9.656665723},
{"learn":[0.02233548769],"iteration":140,"passed_time":1.578864728,"remaining_time":9.618757458},
{"learn":[0.02233537516],"iteration":141,"passed_time":1.590887093,"remaining_time":9.612543142},
{"learn":[0.02218825372],"iteration":142,"passed_time":1.604272678,"remaining_time":9.61441738},
{"learn":[0.02210904258],"iteration":143,"passed_time":1.618830221,"remaining_time":9.623046313},
{"learn":[0.02201912918],"iteration":144,"passed_time":1.676713504,"remaining_time":9.886827902},
{"learn":[0.02189399375],"iteration":145,"passed_time":1.771917183,"remaining_time":10.36450188},
{"learn":[0.02178500494],"iteration":146,"passed_time":1.789499219,"remaining_time":10.38396486},
{"learn":[0.02165323944],"iteration":147,"passed_time":1.836039823,"remaining_time":10.56963466},
{"learn":[0.02165312022],"iteration":148,"passed_time":1.876778714,"remaining_time":10.71905158},
{"learn":[0.02154409759],"iteration":149,"passed_time":1.891231207,"remaining_time":10.71697684},
{"learn":[0.02154390794],"iteration":150,"passed_time":1.903626973,"remaining_time":10.70317417},
{"learn":[0.02154386313],"iteration":151,"passed_time":1.915220789,"remaining_time":10.68491598},
{"learn":[0.02154366637],"iteration":152,"passed_time":1.923640391,"remaining_time":10.64917262},
{"learn":[0.02154345256],"iteration":153,"passed_time":1.937221189,"remaining_time":10.64213718},
{"learn":[0.02154266918],"iteration":154,"passed_time":1.949898847,"remaining_time":10.63009372},
{"learn":[0.02154258635],"iteration":155,"passed_time":1.955174141,"remaining_time":10.57799343},
{"learn":[0.02154190941],"iteration":156,"passed_time":1.969022664,"remaining_time":10.57252297},
{"learn":[0.02154135293],"iteration":157,"passed_time":1.97981262,"remaining_time":10.550647},
{"learn":[0.02154078194],"iteration":158,"passed_time":1.985536598,"remaining_time":10.50211496},
{"learn":[0.02154031454],"iteration":159,"passed_time":1.994990592,"remaining_time":10.47370061},
{"learn":[0.02154022309],"iteration":160,"passed_time":2.000930682,"remaining_time":10.4272102},
{"learn":[0.02153970764],"iteration":161,"passed_time":2.014019455,"remaining_time":10.4181994},
{"learn":[0.02153953132],"iteration":162,"passed_time":2.021587184,"remaining_time":10.38078818},
{"learn":[0.02153945378],"iteration":163,"passed_time":2.035410151,"remaining_time":10.37562736},
{"learn":[0.0215394521],"iteration":164,"passed_time":2.048166642,"remaining_time":10.36496452},
{"learn":[0.02153921932],"iteration":165,"passed_time":2.053735633,"remaining_time":10.31816577},
{"learn":[0.02153860714],"iteration":166,"passed_time":2.065926981,"remaining_time":10.30489327},
{"learn":[0.0215385413],"iteration":167,"passed_time":2.071461621,"remaining_time":10.25866707},
{"learn":[0.02153840525],"iteration":168,"passed_time":2.07913381,"remaining_time":10.22343311},
{"learn":[0.0215382258],"iteration":169,"passed_time":2.089772848,"remaining_time":10.20300861},
{"learn":[0.0215382362],"iteration":170,"passed_time":2.097916662,"remaining_time":10.17060183},
{"learn":[0.0215381001],"iteration":171,"passed_time":2.109739635,"remaining_time":10.15618847},
{"learn":[0.02153813262],"iteration":172,"passed_time":2.115863613,"remaining_time":10.1145619},
{"learn":[0.02153803265],"iteration":173,"passed_time":2.128336892,"remaining_time":10.10348433},
{"learn":[0.02153792566],"iteration":174,"passed_time":2.139294907,"remaining_time":10.08524742},
{"learn":[0.02153780153],"iteration":175,"passed_time":2.145883999,"remaining_time":10.04663872},
{"learn":[0.02153726344],"iteration":176,"passed_time":2.157457379,"remaining_time":10.03156736},
{"learn":[0.02153717539],"iteration":177,"passed_time":2.163014077,"remaining_time":9.988750398},
{"learn":[0.02153695991],"iteration":178,"passed_time":2.185291707,"remaining_time":10.02304185},
{"learn":[0.02153693926],"iteration":179,"passed_time":2.193469583,"remaining_time":9.992472544},
{"learn":[0.02153645983],"iteration":180,"passed_time":2.209812586,"remaining_time":9.999096727},
{"learn":[0.02153618213],"iteration":181,"passed_time":2.260157002,"remaining_time":10.15828806},
{"learn":[0.02153592352],"iteration":182,"passed_time":2.271811072,"remaining_time":10.14245708},
{"learn":[0.02153575275],"iteration":183,"passed_time":2.276992041,"remaining_time":10.0979647},
{"learn":[0.02153568718],"iteration":184,"passed_time":2.288104578,"remaining_time":10.08002828},
{"learn":[0.02153552492],"iteration":185,"passed_time":2.293932473,"remaining_time":10.03903781},
{"learn":[0.02153500241],"iteration":186,"passed_time":2.305162124,"remaining_time":10.02190806},
{"learn":[0.0215347953],"iteration":187,"passed_time":2.310646606,"remaining_time":9.980026831},
{"learn":[0.02153467133],"iteration":188,"passed_time":2.322641364,"remaining_time":9.966466383},
{"learn":[0.02153446783],"iteration":189,"passed_time":2.335024154,"remaining_time":9.954576658},
{"learn":[0.02153445931],"iteration":190,"passed_time":2.342744874,"remaining_time":9.922935093},
{"learn":[0.02153397621],"iteration":191,"passed_time":2.357270822,"remaining_time":9.920181377},
{"learn":[0.02153354338],"iteration":192,"passed_time":2.369765243,"remaining_time":9.908811144},
{"learn":[0.02153307878],"iteration":193,"passed_time":2.3749828,"remaining_time":9.86719658},
{"learn":[0.02153307878],"iteration":194,"passed_time":2.386118042,"remaining_time":9.850384739},
{"learn":[0.02153307878],"iteration":195,"passed_time":2.390937141,"remaining_time":9.807721743},
{"learn":[0.02153036551],"iteration":196,"passed_time":2.403336457,"remaining_time":9.796340989},
{"learn":[0.02153014469],"iteration":197,"passed_time":2.422819419,"remaining_time":9.813642292},
{"learn":[0.0215300603],"iteration":198,"passed_time":2.43655559,"remaining_time":9.807442351},
{"learn":[0.02152981533],"iteration":199,"passed_time":2.449267578,"remaining_time":9.797070311},
{"learn":[0.02152978945],"iteration":200,"passed_time":2.454323634,"remaining_time":9.756241711},
{"learn":[0.02152975327],"iteration":201,"passed_time":2.466335804,"remaining_time":9.743247384},
{"learn":[0.02152930312],"iteration":202,"passed_time":2.471894543,"remaining_time":9.704925865},
{"learn":[0.02152910652],"iteration":203,"passed_time":2.483278942,"remaining_time":9.689657048},
{"learn":[0.02152901334],"iteration":204,"passed_time":2.488526043,"remaining_time":9.650625385},
{"learn":[0.02147333973],"iteration":205,"passed_time":2.501129802,"remaining_time":9.640277005},
{"learn":[0.02147330694],"iteration":206,"passed_time":2.512566654,"remaining_time":9.625436507},
{"learn":[0.02147297187],"iteration":207,"passed_time":2.518986572,"remaining_time":9.591525795},
{"learn":[0.02147279085],"iteration":208,"passed_time":2.532423314,"remaining_time":9.584434649},
{"learn":[0.02147268559],"iteration":209,"passed_time":2.537941391,"remaining_time":9.547493803},
{"learn":[0.02147197425],"iteration":210,"passed_time":2.550436997,"remaining_time":9.536942136},
{"learn":[0.02145870523],"iteration":211,"passed_time":2.56226614,"remaining_time":9.523894898},
{"learn":[0.0214586223],"iteration":212,"passed_time":2.567783397,"remaining_time":9.487537716},
{"learn":[0.02145852573],"iteration":213,"passed_time":2.582283683,"remaining_time":9.484462499},
{"learn":[0.02145853608],"iteration":214,"passed_time":2.59550189,"remaining_time":9.476599925},
{"learn":[0.02145809041],"iteration":215,"passed_time":2.600978833,"remaining_time":9.440589837},
{"learn":[0.02145807321],"iteration":216,"passed_time":2.612514438,"remaining_time":9.426722605},
{"learn":[0.02145798359],"iteration":217,"passed_time":2.61876319,"remaining_time":9.393911995},
{"learn":[0.0214148635],"iteration":218,"passed_time":2.636211867,"remaining_time":9.401285244},
{"learn":[0.02141467887],"iteration":219,"passed_time":2.659324914,"remaining_time":9.428515603},
{"learn":[0.02141449079],"iteration":220,"passed_time":2.665466952,"remaining_time":9.395469482},
{"learn":[0.0213306623],"iteration":221,"passed_time":2.679149175,"remaining_time":9.389090352},
{"learn":[0.02127473123],"iteration":222,"passed_time":2.685203394,"remaining_time":9.35606743},
{"learn":[0.02111519285],"iteration":223,"passed_time":2.697775747,"remaining_time":9.34586598},
{"learn":[0.02111486096],"iteration":224,"passed_time":2.708006725,"remaining_time":9.327578718},
{"learn":[0.02108751608],"iteration":225,"passed_time":2.714191691,"remaining_time":9.295506057},
{"learn":[0.02091175319],"iteration":226,"passed_time":2.726932865,"remaining_time":9.285987244},
{"learn":[0.02091152024],"iteration":227,"passed_time":2.732437961,"remaining_time":9.251939061},
{"learn":[0.02091135605],"iteration":228,"passed_time":2.74833721,"remaining_time":9.253135321},
{"learn":[0.02091130924],"iteration":229,"passed_time":2.761229727,"remaining_time":9.244116911},
{"learn":[0.02091089986],"iteration":230,"passed_time":2.766654456,"remaining_time":9.210204661},
{"learn":[0.02091084093],"iteration":231,"passed_time":2.778846221,"remaining_time":9.198939213},
{"learn":[0.02091077697],"iteration":232,"passed_time":2.789275088,"remaining_time":9.181862629},
{"learn":[0.02091072332],"iteration":233,"passed_time":2.795356772,"remaining_time":9.15061234},
{"learn":[0.02091034651],"iteration":234,"passed_time":2.805964364,"remaining_time":9.134309525},
{"learn":[0.02090948833],"iteration":235,"passed_time":2.811345115,"remaining_time":9.101134185},
{"learn":[0.02090939666],"iteration":236,"passed_time":2.824030399,"remaining_time":9.09170968},
{"learn":[0.02090925134],"iteration":237,"passed_time":2.829404896,"remaining_time":9.058850969},
{"learn":[0.02090894382],"iteration":238,"passed_time":2.847864999,"remaining_time":9.067888136},
{"learn":[0.02090882821],"iteration":239,"passed_time":2.864109997,"remaining_time":9.069681657},
{"learn":[0.0208490391],"iteration":240,"passed_time":2.871586821,"remaining_time":9.043711192},
{"learn":[0.02068113718],"iteration":241,"passed_time":2.884807082,"remaining_time":9.035883339},
{"learn":[0.02068108197],"iteration":242,"passed_time":2.895368087,"remaining_time":9.019726922},
{"learn":[0.02068085587],"iteration":243,"passed_time":2.901096306,"remaining_time":8.988642654},
{"learn":[0.02068076959],"iteration":244,"passed_time":2.912458234,"remaining_time":8.975126394},
{"learn":[0.02066280589],"iteration":245,"passed_time":2.918435625,"remaining_time":8.945123825},
{"learn":[0.02066273671],"iteration":246,"passed_time":2.933223406,"remaining_time":8.942174998},
{"learn":[0.02066262654],"iteration":247,"passed_time":2.945461558,"remaining_time":8.931399563},
{"learn":[0.02066258346],"iteration":248,"passed_time":2.951453016,"remaining_time":8.901771947},
{"learn":[0.02066229535],"iteration":249,"passed_time":2.965136156,"remaining_time":8.895408468},
{"learn":[0.02066230231],"iteration":250,"passed_time":3.029148717,"remaining_time":9.039172866},
{"learn":[0.02066230231],"iteration":251,"passed_time":3.047394865,"remaining_time":9.045441902},
{"learn":[0.02066191875],"iteration":252,"passed_time":3.060294917,"remaining_time":9.035732424},
{"learn":[0.02066186192],"iteration":253,"passed_time":3.085897246,"remaining_time":9.06330451},
{"learn":[0.02066187675],"iteration":254,"passed_time":3.098253316,"remaining_time":9.051759687},
{"learn":[0.02066167217],"iteration":255,"passed_time":3.113828042,"remaining_time":9.049562746},
{"learn":[0.02066150452],"iteration":256,"passed_time":3.128368162,"remaining_time":9.044270601},
{"learn":[0.02066140644],"iteration":257,"passed_time":3.139754163,"remaining_time":9.029835616},
{"learn":[0.02066119425],"iteration":258,"passed_time":3.145942844,"remaining_time":9.000554623},
{"learn":[0.02066114939],"iteration":259,"passed_time":3.164995073,"remaining_time":9.008062901},
{"learn":[0.02066077479],"iteration":260,"passed_time":3.181133198,"remaining_time":9.007116603},
{"learn":[0.02066053844],"iteration":261,"passed_time":3.22777967,"remaining_time":9.091990062},
{"learn":[0.02066038493],"iteration":262,"passed_time":3.24315051,"remaining_time":9.08822025},
{"learn":[0.02066026047],"iteration":263,"passed_time":3.252216158,"remaining_time":9.066784441},
{"learn":[0.02066026047],"iteration":264,"passed_time":3.262262413,"remaining_time":9.048161787},
{"learn":[0.02066002516],"iteration":265,"passed_time":3.277338533,"remaining_time":9.043483019},
{"learn":[0.02065951683],"iteration":266,"passed_time":3.28826224,"remaining_time":9.027326674},
{"learn":[0.02065951882],"iteration":267,"passed_time":3.297064759,"remaining_time":9.005415685},
{"learn":[0.02065923546],"iteration":268,"passed_time":3.309411544,"remaining_time":8.993233602},
{"learn":[0.02065901799],"iteration":269,"passed_time":3.335100828,"remaining_time":9.017124462},
{"learn":[0.02065896773],"iteration":270,"passed_time":3.385454299,"remaining_time":9.106996989},
{"learn":[0.02065848831],"iteration":271,"passed_time":3.398175948,"remaining_time":9.095117979},
{"learn":[0.02065835199],"iteration":272,"passed_time":3.405722955,"remaining_time":9.069452705},
{"learn":[0.02065804172],"iteration":273,"passed_time":3.417820436,"remaining_time":9.055976777},
{"learn":[0.02065759988],"iteration":274,"passed_time":3.42350266,"remaining_time":9.025597921},
{"learn":[0.02065754989],"iteration":275,"passed_time":3.435200486,"remaining_time":9.011178085},
{"learn":[0.02065748756],"iteration":276,"passed_time":3.440644346,"remaining_time":8.980454375},
{"learn":[0.02065724922],"iteration":277,"passed_time":3.454111396,"remaining_time":8.97074974},
{"learn":[0.02065719401],"iteration":278,"passed_time":3.466746651,"remaining_time":8.958868584},
{"learn":[0.02065705575],"iteration":279,"passed_time":3.472715316,"remaining_time":8.929839384},
{"learn":[0.02065691943],"iteration":280,"passed_time":3.48996411,"remaining_time":8.929836993},
{"learn":[0.0206566393],"iteration":281,"passed_time":3.499288655,"remaining_time":8.909536362},
{"learn":[0.02065624686],"iteration":282,"passed_time":3.511006525,"remaining_time":8.895376956},
{"learn":[0.02065594602],"iteration":283,"passed_time":3.518092034,"remaining_time":8.869555974},
{"learn":[0.02065574543],"iteration":284,"passed_time":3.532507001,"remaining_time":8.862254405},
{"learn":[0.02065556085],"iteration":285,"passed_time":3.547651093,"remaining_time":8.856723358},
{"learn":[0.02065543133],"iteration":286,"passed_time":3.56387982,"remaining_time":8.853819902},
{"learn":[0.02065530197],"iteration":287,"passed_time":3.578259942,"remaining_time":8.846253745},
{"learn":[0.02065488413],"iteration":288,"passed_time":3.589187252,"remaining_time":8.830145799},
{"learn":[0.020654527],"iteration":289,"passed_time":3.59630468,"remaining_time":8.804745942},
{"learn":[0.02065444946],"iteration":290,"passed_time":3.606744564,"remaining_time":8.787566651},
{"learn":[0.02065423366],"iteration":291,"passed_time":3.613262291,"remaining_time":8.760923638},
{"learn":[0.02065401252],"iteration":292,"passed_time":3.624739957,"remaining_time":8.746386176},
{"learn":[0.02065399521],"iteration":293,"passed_time":3.630938334,"remaining_time":8.719192055},
{"learn":[0.0206536569],"iteration":294,"passed_time":3.64755712,"remaining_time":8.717043286},
{"learn":[0.02065343938],"iteration":295,"passed_time":3.679257531,"remaining_time":8.75066656},
{"learn":[0.02065310134],"iteration":296,"passed_time":3.696956701,"remaining_time":8.750708959},
{"learn":[0.02065290053],"iteration":297,"passed_time":3.712671673,"remaining_time":8.745958101},
{"learn":[0.02065272954],"iteration":298,"passed_time":3.738322469,"remaining_time":8.764428263},
{"learn":[0.02065246883],"iteration":299,"passed_time":3.753859875,"remaining_time":8.759006374},
{"learn":[0.02054472703],"iteration":300,"passed_time":3.771697172,"remaining_time":8.758858217},
{"learn":[0.02054469942],"iteration":301,"passed_time":3.804162073,"remaining_time":8.792401083},
{"learn":[0.02054445758],"iteration":302,"passed_time":3.815025852,"remaining_time":8.775818545},
{"learn":[0.02054379455],"iteration":303,"passed_time":3.829554149,"remaining_time":8.767663445},
{"learn":[0.02054368061],"iteration":304,"passed_time":3.841124343,"remaining_time":8.752725961},
{"learn":[0.02054352175],"iteration":305,"passed_time":3.851675721,"remaining_time":8.735499837},
{"learn":[0.02054339396],"iteration":306,"passed_time":3.861219015,"remaining_time":8.716041621},
{"learn":[0.02054318161],"iteration":307,"passed_time":3.873399577,"remaining_time":8.702573076},
{"learn":[0.02054308326],"iteration":308,"passed_time":3.889489557,"remaining_time":8.697855287},
{"learn":[0.02054309701],"iteration":309,"passed_time":3.895419458,"remaining_time":8.670449761},
{"learn":[0.02054298997],"iteration":310,"passed_time":3.905978061,"remaining_time":8.653436925},
{"learn":[0.02054275169],"iteration":311,"passed_time":3.91212868,"remaining_time":8.626745293},
{"learn":[0.02054244438],"iteration":312,"passed_time":3.922686916,"remaining_time":8.609859142},
{"learn":[0.02054226131],"iteration":313,"passed_time":3.932263521,"remaining_time":8.590868711},
{"learn":[0.02054206105],"iteration":314,"passed_time":3.943168503,"remaining_time":8.574826745},
{"learn":[0.02054178642],"iteration":315,"passed_time":3.956934933,"remaining_time":8.565011057},
{"learn":[0.02054165528],"iteration":316,"passed_time":3.967283729,"remaining_time":8.5478069},
{"learn":[0.02054140486],"iteration":317,"passed_time":3.973097863,"remaining_time":8.520920574},
{"learn":[0.02054135288],"iteration":318,"passed_time":3.984046969,"remaining_time":8.505128482},
{"learn":[0.02054133924],"iteration":319,"passed_time":3.989561537,"remaining_time":8.477818267},
{"learn":[0.02054125134],"iteration":320,"passed_time":3.999902559,"remaining_time":8.460853076},
{"learn":[0.02054114932],"iteration":321,"passed_time":4.005980696,"remaining_time":8.434953142},
{"learn":[0.02054029594],"iteration":322,"passed_time":4.016309526,"remaining_time":8.418085292},
{"learn":[0.02054026359],"iteration":323,"passed_time":4.022469347,"remaining_time":8.392559502},
{"learn":[0.02054019969],"iteration":324,"passed_time":4.032546676,"remaining_time":8.375289251},
{"learn":[0.02054011509],"iteration":325,"passed_time":4.038063403,"remaining_time":8.348634153},
{"learn":[0.02053988716],"iteration":326,"passed_time":4.05003519,"remaining_time":8.335393527},
{"learn":[0.02053981981],"iteration":327,"passed_time":4.056084885,"remaining_time":8.310027569},
{"learn":[0.02053946068],"iteration":328,"passed_time":4.066989143,"remaining_time":8.294679984},
{"learn":[0.02053936222],"iteration":329,"passed_time":4.072586709,"remaining_time":8.268585136},
{"learn":[0.02053928457],"iteration":330,"passed_time":4.084346843,"remaining_time":8.255069601},
{"learn":[0.02053907746],"iteration":331,"passed_time":4.095686815,"remaining_time":8.240719253},
{"learn":[0.02053893235],"iteration":332,"passed_time":4.101985676,"remaining_time":8.216289627},
{"learn":[0.02053881146],"iteration":333,"passed_time":4.111298237,"remaining_time":8.197977923},
{"learn":[0.02053835312],"iteration":334,"passed_time":4.11894445,"remaining_time":8.176412118},
{"learn":[0.02053775603],"iteration":335,"passed_time":4.132101075,"remaining_time":8.165818791},
{"learn":[0.0205377095],"iteration":336,"passed_time":4.137869994,"remaining_time":8.140675982},
{"learn":[0.02053765412],"iteration":337,"passed_time":4.15136251,"remaining_time":8.130775093},
{"learn":[0.02053732282],"iteration":338,"passed_time":4.164440885,"remaining_time":8.120045502},
{"learn":[0.02053727456],"iteration":339,"passed_time":4.176429561,"remaining_time":8.107186795},
{"learn":[0.02053713452],"iteration":340,"passed_time":4.184044482,"remaining_time":8.085880685},
{"learn":[0.02053701206],"iteration":341,"passed_time":4.195523043,"remaining_time":8.072088193},
{"learn":[0.02053694967],"iteration":342,"passed_time":4.201114967,"remaining_time":8.047033625},
{"learn":[0.02053692045],"iteration":343,"passed_time":4.211679398,"remaining_time":8.031574666},
{"learn":[0.02053655232],"iteration":344,"passed_time":4.217103803,"remaining_time":8.006385481},
{"learn":[0.02053626944],"iteration":345,"passed_time":4.227377068,"remaining_time":7.990475729},
{"learn":[0.02053621767],"iteration":346,"passed_time":4.232962555,"remaining_time":7.965776797},
{"learn":[0.02053619001],"iteration":347,"passed_time":4.244310177,"remaining_time":7.951983436},
{"learn":[0.02053618661],"iteration":348,"passed_time":4.249781268,"remaining_time":7.927242422},
{"learn":[0.02053603622],"iteration":349,"passed_time":4.26114777,"remaining_time":7.913560144},
{"learn":[0.02053550309],"iteration":350,"passed_time":4.266762983,"remaining_time":7.889256911},
{"learn":[0.02053540296],"iteration":351,"passed_time":4.282658813,"remaining_time":7.883985542},
{"learn":[0.0205353685],"iteration":352,"passed_time":4.295143875,"remaining_time":7.872402513},
{"learn":[0.02053535809],"iteration":353,"passed_time":4.307257136,"remaining_time":7.860135904},
{"learn":[0.02053529943],"iteration":354,"passed_time":4.312631204,"remaining_time":7.83562571},
{"learn":[0.0205350165],"iteration":355,"passed_time":4.321921698,"remaining_time":7.818307791},
{"learn":[0.02053483009],"iteration":356,"passed_time":4.328414719,"remaining_time":7.795996259},
{"learn":[0.02053457471],"iteration":357,"passed_time":4.337470295,"remaining_time":7.778368517},
{"learn":[0.02053424001],"iteration":358,"passed_time":4.344485446,"remaining_time":7.757145324},
{"learn":[0.02053396048],"iteration":359,"passed_time":4.361613491,"remaining_time":7.75397954},
{"learn":[0.02053368957],"iteration":360,"passed_time":4.406543532,"remaining_time":7.799948246},
{"learn":[0.02053325129],"iteration":361,"passed_time":4.412716455,"remaining_time":7.777108007},
{"learn":[0.02053267647],"iteration":362,"passed_time":4.423625929,"remaining_time":7.762671396},
{"learn":[0.02053272161],"iteration":363,"passed_time":4.429437418,"remaining_time":7.739346697},
{"learn":[0.02053248688],"iteration":364,"passed_time":4.440316118,"remaining_time":7.724933521},
{"learn":[0.02053246278],"iteration":365,"passed_time":4.450228699,"remaining_time":7.708866107},
{"learn":[0.02053242304],"iteration":366,"passed_time":4.45865641,"remaining_time":7.690271137},
{"learn":[0.02053236938],"iteration":367,"passed_time":4.467820314,"remaining_time":7.672995757},
{"learn":[0.02053209988],"iteration":368,"passed_time":4.474538608,"remaining_time":7.651582281},
{"learn":[0.02053197224],"iteration":369,"passed_time":4.48346724,"remaining_time":7.634011787},
{"learn":[0.02053196362],"iteration":370,"passed_time":4.490627796,"remaining_time":7.613490253},
{"learn":[0.0205318603],"iteration":371,"passed_time":4.499344648,"remaining_time":7.595667846},
{"learn":[0.02053191703],"iteration":372,"passed_time":4.506120927,"remaining_time":7.574632229},
{"learn":[0.02053159603],"iteration":373,"passed_time":4.515084312,"remaining_time":7.557333635},
{"learn":[0.02053150808],"iteration":374,"passed_time":4.52235535,"remaining_time":7.537258916},
{"learn":[0.02053149427],"iteration":375,"passed_time":4.531170611,"remaining_time":7.519815056},
{"learn":[0.02053079112],"iteration":376,"passed_time":4.537883222,"remaining_time":7.498942301},
{"learn":[0.02053078066],"iteration":377,"passed_time":4.546599173,"remaining_time":7.481440967},
{"learn":[0.02053070479],"iteration":378,"passed_time":4.554534795,"remaining_time":7.462707409},
{"learn":[0.02053070134],"iteration":379,"passed_time":4.572822432,"remaining_time":7.460920811},
{"learn":[0.02053054432],"iteration":380,"passed_time":4.588360738,"remaining_time":7.454580831},
{"learn":[0.02053061512],"iteration":381,"passed_time":4.599987922,"remaining_time":7.441865276},
{"learn":[0.02053040585],"iteration":382,"passed_time":4.60552393,"remaining_time":7.419342728},
{"learn":[0.02053041636],"iteration":383,"passed_time":4.61471732,"remaining_time":7.402775701},
{"learn":[0.02053026975],"iteration":384,"passed_time":4.621915652,"remaining_time":7.383060068},
{"learn":[0.02053026268],"iteration":385,"passed_time":4.632586476,"remaining_time":7.368932892},
{"learn":[0.02053004877],"iteration":386,"passed_time":4.63820764,"remaining_time":7.346825021},
{"learn":[0.02052986937],"iteration":387,"passed_time":4.64829202,"remaining_time":7.331842051},
{"learn":[0.02052961054],"iteration":388,"passed_time":4.653869813,"remaining_time":7.309805799},
{"learn":[0.02052955867],"iteration":389,"passed_time":4.664475942,"remaining_time":7.295718781},
{"learn":[0.02052951898],"iteration":390,"passed_time":4.670873352,"remaining_time":7.2750943},
{"learn":[0.02052926366],"iteration":391,"passed_time":4.685237501,"remaining_time":7.266898981},
{"learn":[0.02052910836],"iteration":392,"passed_time":4.697896584,"remaining_time":7.256038744},
{"learn":[0.02052877836],"iteration":393,"passed_time":4.703193238,"remaining_time":7.233845438},
{"learn":[0.0205286058],"iteration":394,"passed_time":4.713220884,"remaining_time":7.218983885},
{"learn":[0.02052831592],"iteration":395,"passed_time":4.719319151,"remaining_time":7.198153452},
{"learn":[0.02052831592],"iteration":396,"passed_time":4.72889333,"remaining_time":7.182676771},
{"learn":[0.02052823816],"iteration":397,"passed_time":4.73435359,"remaining_time":7.161007188},
{"learn":[0.02052799788],"iteration":398,"passed_time":4.742567651,"remaining_time":7.143566813},
{"learn":[0.02052785633],"iteration":399,"passed_time":4.750389472,"remaining_time":7.125584208},
{"learn":[0.02052779427],"iteration":400,"passed_time":4.762749533,"remaining_time":7.114431347},
{"learn":[0.02052770282],"iteration":401,"passed_time":4.776139472,"remaining_time":7.104804488},
{"learn":[0.02052764771],"iteration":402,"passed_time":4.783499531,"remaining_time":7.086226353},
{"learn":[0.0205275631],"iteration":403,"passed_time":4.797426689,"remaining_time":7.077391848},
{"learn":[0.0205257402],"iteration":404,"passed_time":4.80654952,"remaining_time":7.061473986},
{"learn":[0.02052559358],"iteration":405,"passed_time":4.813527486,"remaining_time":7.042451544},
{"learn":[0.02052525883],"iteration":406,"passed_time":4.822007457,"remaining_time":7.025676713},
{"learn":[0.02052503106],"iteration":407,"passed_time":4.82988785,"remaining_time":7.008072567},
{"learn":[0.02052507248],"iteration":408,"passed_time":4.838391165,"remaining_time":6.991416084},
{"learn":[0.02052494991],"iteration":409,"passed_time":4.845834843,"remaining_time":6.97327453},
{"learn":[0.0205246583],"iteration":410,"passed_time":4.860559931,"remaining_time":6.96561995},
{"learn":[0.02052452888],"iteration":411,"passed_time":4.866357488,"remaining_time":6.945189813},
{"learn":[0.02052447539],"iteration":412,"passed_time":4.879121602,"remaining_time":6.934732156},
{"learn":[0.02052432878],"iteration":413,"passed_time":4.887506589,"remaining_time":6.918064882},
{"learn":[0.0205241545],"iteration":414,"passed_time":4.894884154,"remaining_time":6.900017422},
{"learn":[0.02052382282],"iteration":415,"passed_time":4.903891278,"remaining_time":6.88430891},
{"learn":[0.02052382282],"iteration":416,"passed_time":4.910699602,"remaining_time":6.865558436},
{"learn":[0.02052368284],"iteration":417,"passed_time":4.918974196,"remaining_time":6.848906656},
{"learn":[0.02052327049],"iteration":418,"passed_time":4.926262249,"remaining_time":6.83092689},
{"learn":[0.0205230699],"iteration":419,"passed_time":4.934867413,"remaining_time":6.814816904},
{"learn":[0.02052274577],"iteration":420,"passed_time":4.942298492,"remaining_time":6.797127854},
{"learn":[0.02052169692],"iteration":421,"passed_time":4.951740268,"remaining_time":6.78224141},
{"learn":[0.02052140493],"iteration":422,"passed_time":4.959119233,"remaining_time":6.764566898},
{"learn":[0.02052131526],"iteration":423,"passed_time":4.972686712,"remaining_time":6.755347987},
{"learn":[0.02052096848],"iteration":424,"passed_time":4.978797699,"remaining_time":6.736020416},
{"learn":[0.02052084592],"iteration":425,"passed_time":4.993288022,"remaining_time":6.728045363},
{"learn":[0.02052070966],"iteration":426,"passed_time":5.011397654,"remaining_time":6.724896617},
{"learn":[0.02052056638],"iteration":427,"passed_time":5.022142569,"remaining_time":6.711835396},
{"learn":[0.02052040424],"iteration":428,"passed_time":5.027589505,"remaining_time":6.69173335},
{"learn":[0.02052026965],"iteration":429,"passed_time":5.038167324,"remaining_time":6.678500871},
{"learn":[0.02052007644],"iteration":430,"passed_time":5.043986304,"remaining_time":6.65899816},
{"learn":[0.02052003142],"iteration":431,"passed_time":5.055701146,"remaining_time":6.647310766},
{"learn":[0.02051976542],"iteration":432,"passed_time":5.06548085,"remaining_time":6.633089243},
{"learn":[0.02051930292],"iteration":433,"passed_time":5.075240149,"remaining_time":6.618861577},
{"learn":[0.02051823876],"iteration":434,"passed_time":5.084783548,"remaining_time":6.604374033},
{"learn":[0.02051798344],"iteration":435,"passed_time":5.092517497,"remaining_time":6.587568506},
{"learn":[0.02051767107],"iteration":436,"passed_time":5.103653526,"remaining_time":6.575187495},
{"learn":[0.02051758468],"iteration":437,"passed_time":5.109315692,"remaining_time":6.555788627},
{"learn":[0.0205175244],"iteration":438,"passed_time":5.118985801,"remaining_time":6.54157411},
{"learn":[0.02051756058],"iteration":439,"passed_time":5.124252853,"remaining_time":6.521776359},
{"learn":[0.02051645333],"iteration":440,"passed_time":5.139459139,"remaining_time":6.514643217},
{"learn":[0.02051632564],"iteration":441,"passed_time":5.147856981,"remaining_time":6.49887827},
{"learn":[0.0205161394],"iteration":442,"passed_time":5.154531996,"remaining_time":6.48098041},
{"learn":[0.02051610143],"iteration":443,"passed_time":5.164253161,"remaining_time":6.466947652},
{"learn":[0.02051555385],"iteration":444,"passed_time":5.172297415,"remaining_time":6.450842844},
{"learn":[0.02051549168],"iteration":445,"passed_time":5.18370577,"remaining_time":6.438952908},
{"learn":[0.02051547793],"iteration":446,"passed_time":5.189583629,"remaining_time":6.420223148},
{"learn":[0.02051540891],"iteration":447,"passed_time":5.200711517,"remaining_time":6.408019547},
{"learn":[0.02051536582],"iteration":448,"passed_time":5.206492799,"remaining_time":6.389259537},
{"learn":[0.02051536582],"iteration":449,"passed_time":5.219873892,"remaining_time":6.379845868},
{"learn":[0.02051526224],"iteration":450,"passed_time":5.231374904,"remaining_time":6.368125992},
{"learn":[0.02051502066],"iteration":451,"passed_time":5.244677551,"remaining_time":6.358591367},
{"learn":[0.02051477882],"iteration":452,"passed_time":5.251885065,"remaining_time":6.3416802},
{"learn":[0.02051470807],"iteration":453,"passed_time":5.26195466,"remaining_time":6.328253843},
{"learn":[0.0205146425],"iteration":454,"passed_time":5.268131722,"remaining_time":6.310179755},
{"learn":[0.02051456491],"iteration":455,"passed_time":5.27932462,"remaining_time":6.298141652},
{"learn":[0.02051434884],"iteration":456,"passed_time":5.285887308,"remaining_time":6.280605708},
{"learn":[0.02051422477],"iteration":457,"passed_time":5.296512331,"remaining_time":6.267925073},
{"learn":[0.0205139537],"iteration":458,"passed_time":5.301963485,"remaining_time":6.249155219},
{"learn":[0.02051390528],"iteration":459,"passed_time":5.311938966,"remaining_time":6.235754438},
{"learn":[0.02051377769],"iteration":460,"passed_time":5.317063004,"remaining_time":6.216696224},
{"learn":[0.02051362925],"iteration":461,"passed_time":5.326419006,"remaining_time":6.202626462},
{"learn":[0.02051319792],"iteration":462,"passed_time":5.332724098,"remaining_time":6.185038533},
{"learn":[0.02051309099],"iteration":463,"passed_time":5.342211688,"remaining_time":6.171175571},
{"learn":[0.02051303906],"iteration":464,"passed_time":5.348459493,"remaining_time":6.153603933},
{"learn":[0.02051289062],"iteration":465,"passed_time":5.357150034,"remaining_time":6.138880082},
{"learn":[0.02051288021],"iteration":466,"passed_time":5.364191411,"remaining_time":6.122299833},
{"learn":[0.02051275602],"iteration":467,"passed_time":5.375639955,"remaining_time":6.110770205},
{"learn":[0.02051267654],"iteration":468,"passed_time":5.382689816,"remaining_time":6.094260751},
{"learn":[0.02051254028],"iteration":469,"passed_time":5.39462076,"remaining_time":6.083295751},
{"learn":[0.02051242127],"iteration":470,"passed_time":5.400591177,"remaining_time":6.065632129},
{"learn":[0.02051140047],"iteration":471,"passed_time":5.411291467,"remaining_time":6.053309099},
{"learn":[0.02051140047],"iteration":472,"passed_time":5.443571646,"remaining_time":6.065036485},
{"learn":[0.02051134002],"iteration":473,"passed_time":5.460714086,"remaining_time":6.059779766},
{"learn":[0.02051114854],"iteration":474,"passed_time":5.471281577,"remaining_time":6.047205954},
{"learn":[0.02051103978],"iteration":475,"passed_time":5.477069723,"remaining_time":6.029379275},
{"learn":[0.02051073964],"iteration":476,"passed_time":5.48946273,"remaining_time":6.01884488},
{"learn":[0.02051068615],"iteration":477,"passed_time":5.494757521,"remaining_time":6.0005511},
{"learn":[0.02051058419],"iteration":478,"passed_time":5.50502201,"remaining_time":5.987717051},
{"learn":[0.02051054973],"iteration":479,"passed_time":5.510040997,"remaining_time":5.96921108},
{"learn":[0.02050950137],"iteration":480,"passed_time":5.520264846,"remaining_time":5.956377246},
{"learn":[0.02050952892],"iteration":481,"passed_time":5.525740684,"remaining_time":5.938451607},
{"learn":[0.02050945478],"iteration":482,"passed_time":5.54084355,"remaining_time":5.930882227},
{"learn":[0.02050945472],"iteration":483,"passed_time":5.553827836,"remaining_time":5.921023065},
{"learn":[0.02050923736],"iteration":484,"passed_time":5.56049166,"remaining_time":5.904439598},
{"learn":[0.02050921666],"iteration":485,"passed_time":5.571278514,"remaining_time":5.892257523},
{"learn":[0.02050899924],"iteration":486,"passed_time":5.579010445,"remaining_time":5.876863158},
{"learn":[0.02050873006],"iteration":487,"passed_time":5.58898839,"remaining_time":5.863856671},
{"learn":[0.02050864551],"iteration":488,"passed_time":5.60142164,"remaining_time":5.853428339},
{"learn":[0.02050837126],"iteration":489,"passed_time":5.607561151,"remaining_time":5.836441198},
{"learn":[0.02050831264],"iteration":490,"passed_time":5.617810287,"remaining_time":5.823758526},
{"learn":[0.02050822621],"iteration":491,"passed_time":5.623193433,"remaining_time":5.806061512},
{"learn":[0.0205079485],"iteration":492,"passed_time":5.637091335,"remaining_time":5.797171008},
{"learn":[0.02050780874],"iteration":493,"passed_time":5.646793818,"remaining_time":5.783962899},
{"learn":[0.0205076928],"iteration":494,"passed_time":5.65511025,"remaining_time":5.769354902},
{"learn":[0.0205074],"iteration":495,"passed_time":5.66590307,"remaining_time":5.757288603},
{"learn":[0.0205073394],"iteration":496,"passed_time":5.672067866,"remaining_time":5.740543535},
{"learn":[0.02050734031],"iteration":497,"passed_time":5.683106133,"remaining_time":5.728753572},
{"learn":[0.0205072652],"iteration":498,"passed_time":5.689633121,"remaining_time":5.712437262},
{"learn":[0.02050237669],"iteration":499,"passed_time":5.702543971,"remaining_time":5.702543971},
{"learn":[0.02050205089],"iteration":500,"passed_time":5.71267836,"remaining_time":5.689873257},
{"learn":[0.02050160673],"iteration":501,"passed_time":5.719154848,"remaining_time":5.673583893},
{"learn":[0.02047262157],"iteration":502,"passed_time":5.728863432,"remaining_time":5.660527089},
{"learn":[0.02047243338],"iteration":503,"passed_time":5.735115685,"remaining_time":5.644082103},
{"learn":[0.02047237984],"iteration":504,"passed_time":5.743711079,"remaining_time":5.629974225},
{"learn":[0.02047222605],"iteration":505,"passed_time":5.75066749,"remaining_time":5.614288024},
{"learn":[0.02047194797],"iteration":506,"passed_time":5.758967419,"remaining_time":5.599942677},
{"learn":[0.02047183749],"iteration":507,"passed_time":5.765221732,"remaining_time":5.583639945},
{"learn":[0.02047183749],"iteration":508,"passed_time":5.773625217,"remaining_time":5.569449865},
{"learn":[0.02047188413],"iteration":509,"passed_time":5.78038517,"remaining_time":5.553703399},
{"learn":[0.02047166661],"iteration":510,"passed_time":5.788750882,"remaining_time":5.539528731},
{"learn":[0.0204714232],"iteration":511,"passed_time":5.79789298,"remaining_time":5.526116747},
{"learn":[0.02047145604],"iteration":512,"passed_time":5.808925541,"remaining_time":5.514516059},
{"learn":[0.02047101576],"iteration":513,"passed_time":5.814748067,"remaining_time":5.497991363},
{"learn":[0.0204702651],"iteration":514,"passed_time":5.82580852,"remaining_time":5.486441033},
{"learn":[0.02047012011],"iteration":515,"passed_time":5.832387188,"remaining_time":5.470688758},
{"learn":[0.02046971639],"iteration":516,"passed_time":5.846439083,"remaining_time":5.461953728},
{"learn":[0.02046957996],"iteration":517,"passed_time":5.860225544,"remaining_time":5.452951181},
{"learn":[0.0204691571],"iteration":518,"passed_time":5.870478149,"remaining_time":5.440655086},
{"learn":[0.02046916546],"iteration":519,"passed_time":5.877965744,"remaining_time":5.425814533},
{"learn":[0.02046891348],"iteration":520,"passed_time":5.887577134,"remaining_time":5.412954793},
{"learn":[0.02046882721],"iteration":521,"passed_time":5.894510494,"remaining_time":5.397655203},
{"learn":[0.02046879954],"iteration":522,"passed_time":5.902411262,"remaining_time":5.383269927},
{"learn":[0.0204685096],"iteration":523,"passed_time":5.910449039,"remaining_time":5.36903386},
{"learn":[0.02046823697],"iteration":524,"passed_time":5.919080461,"remaining_time":5.355358513},
{"learn":[0.02046797803],"iteration":525,"passed_time":5.926423641,"remaining_time":5.340541456},
{"learn":[0.0204679349],"iteration":526,"passed_time":5.941297805,"remaining_time":5.332512072},
{"learn":[0.02046785013],"iteration":527,"passed_time":5.950857626,"remaining_time":5.31970606},
{"learn":[0.0204676745],"iteration":528,"passed_time":5.957813393,"remaining_time":5.304593777},
{"learn":[0.02046754854],"iteration":529,"passed_time":5.963289096,"remaining_time":5.288199764},
{"learn":[0.02046714978],"iteration":530,"passed_time":5.971989659,"remaining_time":5.274695198},
{"learn":[0.0204670565],"iteration":531,"passed_time":5.977508852,"remaining_time":5.258410043},
{"learn":[0.0204668579],"iteration":532,"passed_time":5.985614793,"remaining_time":5.244431723},
{"learn":[0.0204668579],"iteration":533,"passed_time":5.991001593,"remaining_time":5.228102514},
{"learn":[0.02046690427],"iteration":534,"passed_time":6.003626186,"remaining_time":5.218105003},
{"learn":[0.0204666765],"iteration":535,"passed_time":6.014471718,"remaining_time":5.206557606},
{"learn":[0.02046640215],"iteration":536,"passed_time":6.020470393,"remaining_time":5.190833877},
{"learn":[0.02046627958],"iteration":537,"passed_time":6.031224447,"remaining_time":5.179229915},
{"learn":[0.0204658413],"iteration":538,"passed_time":6.037214987,"remaining_time":5.163554933},
{"learn":[0.0204656997],"iteration":539,"passed_time":6.054389377,"remaining_time":5.157442803},
{"learn":[0.02046566697],"iteration":540,"passed_time":6.067270807,"remaining_time":5.147647505},
{"learn":[0.02043860953],"iteration":541,"passed_time":6.075349251,"remaining_time":5.133782209},
{"learn":[0.02043839384],"iteration":542,"passed_time":6.084729801,"remaining_time":5.121034105},
{"learn":[0.02036479284],"iteration":543,"passed_time":6.096632176,"remaining_time":5.110412265},
{"learn":[0.02036424229],"iteration":544,"passed_time":6.101893529,"remaining_time":5.094241387},
{"learn":[0.02025307044],"iteration":545,"passed_time":6.113630554,"remaining_time":5.083495003},
{"learn":[0.02025261744],"iteration":546,"passed_time":6.119323777,"remaining_time":5.067739801},
{"learn":[0.02025263971],"iteration":547,"passed_time":6.130713482,"remaining_time":5.05671988},
{"learn":[0.02025218002],"iteration":548,"passed_time":6.136358783,"remaining_time":5.040979619},
{"learn":[0.02025206506],"iteration":549,"passed_time":6.150681803,"remaining_time":5.03237602},
{"learn":[0.02025199625],"iteration":550,"passed_time":6.16124767,"remaining_time":5.020690025},
{"learn":[0.02025177431],"iteration":551,"passed_time":6.166571014,"remaining_time":5.004753287},
{"learn":[0.02025165282],"iteration":552,"passed_time":6.175228548,"remaining_time":4.99155002},
{"learn":[0.02025153872],"iteration":553,"passed_time":6.182346609,"remaining_time":4.977123804},
{"learn":[0.0202513962],"iteration":554,"passed_time":6.190122594,"remaining_time":4.963251449},
{"learn":[0.02025118892],"iteration":555,"passed_time":6.196929346,"remaining_time":4.948627032},
{"learn":[0.02025083821],"iteration":556,"passed_time":6.205740746,"remaining_time":4.935625046},
{"learn":[0.02025064641],"iteration":557,"passed_time":6.217246154,"remaining_time":4.924772043},
{"learn":[0.02025051516],"iteration":558,"passed_time":6.228774411,"remaining_time":4.913934732},
{"learn":[0.02025047186],"iteration":559,"passed_time":6.240596006,"remaining_time":4.903325433},
{"learn":[0.02025001589],"iteration":560,"passed_time":6.248554515,"remaining_time":4.889688827},
{"learn":[0.02024995021],"iteration":561,"passed_time":6.261008967,"remaining_time":4.879576383},
{"learn":[0.02024985693],"iteration":562,"passed_time":6.267210429,"remaining_time":4.864602056},
{"learn":[0.02024974294],"iteration":563,"passed_time":6.274829757,"remaining_time":4.850754918},
{"learn":[0.02024835012],"iteration":564,"passed_time":6.285145229,"remaining_time":4.839005619},
{"learn":[0.02024826034],"iteration":565,"passed_time":6.292886173,"remaining_time":4.825287278},
{"learn":[0.02024803235],"iteration":566,"passed_time":6.303081356,"remaining_time":4.813464245},
{"learn":[0.02024800124],"iteration":567,"passed_time":6.309188329,"remaining_time":4.798537602},
{"learn":[0.02024774931],"iteration":568,"passed_time":6.321220627,"remaining_time":4.788130211},
{"learn":[0.02024773189],"iteration":569,"passed_time":6.327269087,"remaining_time":4.773202996},
{"learn":[0.02024766632],"iteration":570,"passed_time":6.337718224,"remaining_time":4.761613167},
{"learn":[0.0202475333],"iteration":571,"passed_time":6.344105987,"remaining_time":4.746988396},
{"learn":[0.02024741763],"iteration":572,"passed_time":6.354777041,"remaining_time":4.735584287},
{"learn":[0.02024735196],"iteration":573,"passed_time":6.363796334,"remaining_time":4.722956861},
{"learn":[0.02024726557],"iteration":574,"passed_time":6.372544275,"remaining_time":4.71014142},
{"learn":[0.02024718264],"iteration":575,"passed_time":6.38941218,"remaining_time":4.703317299},
{"learn":[0.02024711534],"iteration":576,"passed_time":6.406549329,"remaining_time":4.696655747},
{"learn":[0.02024709631],"iteration":577,"passed_time":6.421160283,"remaining_time":4.688113563},
{"learn":[0.02024684239],"iteration":578,"passed_time":6.433137442,"remaining_time":4.677635342},
{"learn":[0.02024669227],"iteration":579,"passed_time":6.439266046,"remaining_time":4.662916792},
{"learn":[0.02024595703],"iteration":580,"passed_time":6.453275813,"remaining_time":4.653911473},
{"learn":[0.02024585517],"iteration":581,"passed_time":6.465621647,"remaining_time":4.643693898},
{"learn":[0.02024567912],"iteration":582,"passed_time":6.503619523,"remaining_time":4.651817052},
{"learn":[0.0202457325],"iteration":583,"passed_time":6.513782881,"remaining_time":4.639954929},
{"learn":[0.02024556868],"iteration":584,"passed_time":6.519904402,"remaining_time":4.625231328},
{"learn":[0.02024564622],"iteration":585,"passed_time":6.52856378,"remaining_time":4.612330042},
{"learn":[0.02024557041],"iteration":586,"passed_time":6.535826759,"remaining_time":4.598460735},
{"learn":[0.0202454548],"iteration":587,"passed_time":6.545427417,"remaining_time":4.586251864},
{"learn":[0.02024536669],"iteration":588,"passed_time":6.552002576,"remaining_time":4.571940677},
{"learn":[0.02024511476],"iteration":589,"passed_time":6.561222593,"remaining_time":4.559493666},
{"learn":[0.02024470862],"iteration":590,"passed_time":6.566877074,"remaining_time":4.544590056},
{"learn":[0.02024466909],"iteration":591,"passed_time":6.572256531,"remaining_time":4.52952815},
{"learn":[0.02024447222],"iteration":592,"passed_time":6.582271575,"remaining_time":4.517680491},
{"learn":[0.02024434798],"iteration":593,"passed_time":6.588181095,"remaining_time":4.50303287},
{"learn":[0.02024426694],"iteration":594,"passed_time":6.599733935,"remaining_time":4.492255872},
{"learn":[0.0202428642],"iteration":595,"passed_time":6.604935078,"remaining_time":4.477170758},
{"learn":[0.02024280893],"iteration":596,"passed_time":6.615194433,"remaining_time":4.46553326},
{"learn":[0.02024243794],"iteration":597,"passed_time":6.620412255,"remaining_time":4.450511249},
{"learn":[0.02024228793],"iteration":598,"passed_time":6.631501146,"remaining_time":4.439452353},
{"learn":[0.02024192557],"iteration":599,"passed_time":6.636751278,"remaining_time":4.424500852},
{"learn":[0.02024188416],"iteration":600,"passed_time":6.647318747,"remaining_time":4.41311178},
{"learn":[0.02024100635],"iteration":601,"passed_time":6.657865034,"remaining_time":4.401711435},
{"learn":[0.02024093905],"iteration":602,"passed_time":6.667730371,"remaining_time":4.389865601},
{"learn":[0.02024083536],"iteration":603,"passed_time":6.680089924,"remaining_time":4.379661606},
{"learn":[0.02024076639],"iteration":604,"passed_time":6.686385138,"remaining_time":4.365491123},
{"learn":[0.02024070428],"iteration":605,"passed_time":6.693188949,"remaining_time":4.351677304},
{"learn":[0.02024038365],"iteration":606,"passed_time":6.698532716,"remaining_time":4.33694128},
{"learn":[0.02024022496],"iteration":607,"passed_time":6.708944243,"remaining_time":4.325503525},
{"learn":[0.02024017292],"iteration":608,"passed_time":6.714269157,"remaining_time":4.31080335},
{"learn":[0.02024015055],"iteration":609,"passed_time":6.724776887,"remaining_time":4.299447518},
{"learn":[0.02024002464],"iteration":610,"passed_time":6.730306983,"remaining_time":4.284925395},
{"learn":[0.02023991075],"iteration":611,"passed_time":6.740255697,"remaining_time":4.273234004},
{"learn":[0.02023974489],"iteration":612,"passed_time":6.746887305,"remaining_time":4.259454139},
{"learn":[0.02023955163],"iteration":613,"passed_time":6.757184352,"remaining_time":4.248001889},
{"learn":[0.02023958953],"iteration":614,"passed_time":6.763343914,"remaining_time":4.233963263},
{"learn":[0.02023938776],"iteration":615,"passed_time":6.773537168,"remaining_time":4.222464728},
{"learn":[0.0202392825],"iteration":616,"passed_time":6.780175439,"remaining_time":4.208763684},
{"learn":[0.02023916344],"iteration":617,"passed_time":6.790976767,"remaining_time":4.197658778},
{"learn":[0.02023910644],"iteration":618,"passed_time":6.805605612,"remaining_time":4.188910724},
{"learn":[0.02023886665],"iteration":619,"passed_time":6.811641803,"remaining_time":4.174877234},
{"learn":[0.02023889253],"iteration":620,"passed_time":6.827500715,"remaining_time":4.166864365},
{"learn":[0.02023865786],"iteration":621,"passed_time":6.8359684,"remaining_time":4.154334494},
{"learn":[0.02023835891],"iteration":622,"passed_time":6.848003469,"remaining_time":4.143976417},
{"learn":[0.02023827442],"iteration":623,"passed_time":6.896163018,"remaining_time":4.15538028},
{"learn":[0.02023823646],"iteration":624,"passed_time":6.912718945,"remaining_time":4.147631367},
{"learn":[0.02023818636],"iteration":625,"passed_time":6.921207923,"remaining_time":4.135034766},
{"learn":[0.02023808795],"iteration":626,"passed_time":6.929889083,"remaining_time":4.122565595},
{"learn":[0.02023804999],"iteration":627,"passed_time":6.944784142,"remaining_time":4.113789333},
{"learn":[0.02023804476],"iteration":628,"passed_time":6.958420939,"remaining_time":4.10425146},
{"learn":[0.02023773201],"iteration":629,"passed_time":6.966595499,"remaining_time":4.091492594},
{"learn":[0.02023753886],"iteration":630,"passed_time":6.973248663,"remaining_time":4.077858568},
{"learn":[0.02023744552],"iteration":631,"passed_time":6.982919468,"remaining_time":4.066003741},
{"learn":[0.0202373628],"iteration":632,"passed_time":6.988730318,"remaining_time":4.051917894},
{"learn":[0.02023731411],"iteration":633,"passed_time":6.996700342,"remaining_time":4.039104614},
{"learn":[0.02023724859],"iteration":634,"passed_time":7.00352531,"remaining_time":4.025648406},
{"learn":[0.02023720686],"iteration":635,"passed_time":7.008876829,"remaining_time":4.011369758},
{"learn":[0.02023716221],"iteration":636,"passed_time":7.018503814,"remaining_time":3.999555549},
{"learn":[0.02023709136],"iteration":637,"passed_time":7.025392917,"remaining_time":3.986194727},
{"learn":[0.02023708257],"iteration":638,"passed_time":7.033585528,"remaining_time":3.973590572},
{"learn":[0.02023691309],"iteration":639,"passed_time":7.066090868,"remaining_time":3.974676113},
{"learn":[0.02023682681],"iteration":640,"passed_time":7.077653515,"remaining_time":3.963927632},
{"learn":[0.02023678696],"iteration":641,"passed_time":7.083262045,"remaining_time":3.949856405},
{"learn":[0.02023665415],"iteration":642,"passed_time":7.09342608,"remaining_time":3.938340763},
{"learn":[0.02023470658],"iteration":643,"passed_time":7.098993501,"remaining_time":3.924288333},
{"learn":[0.02023458897],"iteration":644,"passed_time":7.1082705,"remaining_time":3.912303918},
{"learn":[0.02023449903],"iteration":645,"passed_time":7.113773183,"remaining_time":3.898259608},
{"learn":[0.02023438159],"iteration":646,"passed_time":7.12386959,"remaining_time":3.886748014},
{"learn":[0.02023431596],"iteration":647,"passed_time":7.129704026,"remaining_time":3.872925644},
{"learn":[0.02023422429],"iteration":648,"passed_time":7.138835782,"remaining_time":3.860911186},
{"learn":[0.02023401534],"iteration":649,"passed_time":7.145018311,"remaining_time":3.847317552},
{"learn":[0.02023363913],"iteration":650,"passed_time":7.153236663,"remaining_time":3.834838088},
{"learn":[0.02023220694],"iteration":651,"passed_time":7.160254749,"remaining_time":3.821731062},
{"learn":[0.02023216887],"iteration":652,"passed_time":7.165536777,"remaining_time":3.807720156},
{"learn":[0.02023215858],"iteration":653,"passed_time":7.176565655,"remaining_time":3.796776325},
{"learn":[0.0202318826],"iteration":654,"passed_time":7.181768959,"remaining_time":3.782763803},
{"learn":[0.0202318084],"iteration":655,"passed_time":7.191306599,"remaining_time":3.771051022},
{"learn":[0.020230378],"iteration":656,"passed_time":7.196540866,"remaining_time":3.757098199},
{"learn":[0.02023037633],"iteration":657,"passed_time":7.206084841,"remaining_time":3.745411878},
{"learn":[0.02023037633],"iteration":658,"passed_time":7.211150153,"remaining_time":3.731414571},
{"learn":[0.02023030553],"iteration":659,"passed_time":7.22484821,"remaining_time":3.721891502},
{"learn":[0.0202302192],"iteration":660,"passed_time":7.237788614,"remaining_time":3.711967232},
{"learn":[0.02022996037],"iteration":661,"passed_time":7.243338953,"remaining_time":3.698260674},
{"learn":[0.02022976387],"iteration":662,"passed_time":7.256435841,"remaining_time":3.688414598},
{"learn":[0.02022857952],"iteration":663,"passed_time":7.265675211,"remaining_time":3.676606733},
{"learn":[0.02022842794],"iteration":664,"passed_time":7.320529429,"remaining_time":3.687785502},
{"learn":[0.02022816906],"iteration":665,"passed_time":7.325571623,"remaining_time":3.673785168},
{"learn":[0.02022805874],"iteration":666,"passed_time":7.334077983,"remaining_time":3.661541182},
{"learn":[0.0202278259],"iteration":667,"passed_time":7.340605955,"remaining_time":3.648325115},
{"learn":[0.02022760854],"iteration":668,"passed_time":7.349249671,"remaining_time":3.636175846},
{"learn":[0.02022746219],"iteration":669,"passed_time":7.35636976,"remaining_time":3.623286598},
{"learn":[0.02022725529],"iteration":670,"passed_time":7.367968844,"remaining_time":3.612610655},
{"learn":[0.02022714836],"iteration":671,"passed_time":7.375012873,"remaining_time":3.599708664},
{"learn":[0.02022709341],"iteration":672,"passed_time":7.385491782,"remaining_time":3.588493035},
{"learn":[0.02022698967],"iteration":673,"passed_time":7.391087045,"remaining_time":3.574917473},
{"learn":[0.02022683432],"iteration":674,"passed_time":7.400187378,"remaining_time":3.563053182},
{"learn":[0.02022661027],"iteration":675,"passed_time":7.405798885,"remaining_time":3.549524909},
{"learn":[0.02022656524],"iteration":676,"passed_time":7.414574043,"remaining_time":3.537529418},
{"learn":[0.02022619798],"iteration":677,"passed_time":7.420734147,"remaining_time":3.524301468},
{"learn":[0.02022606166],"iteration":678,"passed_time":7.426315365,"remaining_time":3.510820666},
{"learn":[0.02022571672],"iteration":679,"passed_time":7.433115128,"remaining_time":3.497936531},
{"learn":[0.02022573074],"iteration":680,"passed_time":7.438118875,"remaining_time":3.484228959},
{"learn":[0.02022553732],"iteration":681,"passed_time":7.448709547,"remaining_time":3.473151959},
{"learn":[0.02022553198],"iteration":682,"passed_time":7.454145138,"remaining_time":3.459683761},
{"learn":[0.0202254649],"iteration":683,"passed_time":7.464176043,"remaining_time":3.448362032},
{"learn":[0.02022544764],"iteration":684,"passed_time":7.470850326,"remaining_time":3.435500515},
{"learn":[0.02022534751],"iteration":685,"passed_time":7.487472278,"remaining_time":3.427210343},
{"learn":[0.02022532858],"iteration":686,"passed_time":7.499660738,"remaining_time":3.416875998},
{"learn":[0.0202251419],"iteration":687,"passed_time":7.508095134,"remaining_time":3.40483384},
{"learn":[0.02022484209],"iteration":688,"passed_time":7.515830494,"remaining_time":3.392486623},
{"learn":[0.02022478332],"iteration":689,"passed_time":7.525432658,"remaining_time":3.380991484},
{"learn":[0.02022428653],"iteration":690,"passed_time":7.532462807,"remaining_time":3.368351675},
{"learn":[0.02022426577],"iteration":691,"passed_time":7.54056737,"remaining_time":3.356206286},
{"learn":[0.02022406356],"iteration":692,"passed_time":7.547982447,"remaining_time":3.343767116},
{"learn":[0.02022402705],"iteration":693,"passed_time":7.55649232,"remaining_time":3.331825144},
{"learn":[0.02022409289],"iteration":694,"passed_time":7.56368449,"remaining_time":3.319314776},
{"learn":[0.02022408421],"iteration":695,"passed_time":7.572793338,"remaining_time":3.30765686},
{"learn":[0.02022399098],"iteration":696,"passed_time":7.581388679,"remaining_time":3.295783027},
{"learn":[0.02022399427],"iteration":697,"passed_time":7.590462292,"remaining_time":3.284125519},
{"learn":[0.02022370422],"iteration":698,"passed_time":7.613462246,"remaining_time":3.278472298},
{"learn":[0.02022349716],"iteration":699,"passed_time":7.632131956,"remaining_time":3.270913696},
{"learn":[0.02022342301],"iteration":700,"passed_time":7.645540593,"remaining_time":3.261079368},
{"learn":[0.02022335577],"iteration":701,"passed_time":7.654693396,"remaining_time":3.249428251},
{"learn":[0.02022319735],"iteration":702,"passed_time":7.66196543,"remaining_time":3.236989662},
{"learn":[0.02022303903],"iteration":703,"passed_time":7.674556046,"remaining_time":3.226801974},
{"learn":[0.02022301994],"iteration":704,"passed_time":7.686351991,"remaining_time":3.216274947},
{"learn":[0.02022274855],"iteration":705,"passed_time":7.696242728,"remaining_time":3.204950938},
{"learn":[0.02022268821],"iteration":706,"passed_time":7.707882815,"remaining_time":3.194355961},
{"learn":[0.02022268303],"iteration":707,"passed_time":7.712883483,"remaining_time":3.181019741},
{"learn":[0.02022271043],"iteration":708,"passed_time":7.725332014,"remaining_time":3.170763916},
{"learn":[0.02022268654],"iteration":709,"passed_time":7.730821477,"remaining_time":3.157659476},
{"learn":[0.02022247603],"iteration":710,"passed_time":7.741089742,"remaining_time":3.146518896},
{"learn":[0.02022190682],"iteration":711,"passed_time":7.746363498,"remaining_time":3.133360516},
{"learn":[0.02022192402],"iteration":712,"passed_time":7.756927506,"remaining_time":3.122353709},
{"learn":[0.02022183764],"iteration":713,"passed_time":7.762777668,"remaining_time":3.109459962},
{"learn":[0.02022174257],"iteration":714,"passed_time":7.773255701,"remaining_time":3.098430594},
{"learn":[0.02022174257],"iteration":715,"passed_time":7.779370943,"remaining_time":3.085672274},
{"learn":[0.02022177013],"iteration":716,"passed_time":7.791561165,"remaining_time":3.075330278},
{"learn":[0.02022138339],"iteration":717,"passed_time":7.799589826,"remaining_time":3.06334865},
{"learn":[0.02022120938],"iteration":718,"passed_time":7.807346799,"remaining_time":3.051271837},
{"learn":[0.02022116102],"iteration":719,"passed_time":7.81655019,"remaining_time":3.039769518},
{"learn":[0.02022081742],"iteration":720,"passed_time":7.824128794,"remaining_time":3.027644845},
{"learn":[0.02022072608],"iteration":721,"passed_time":7.834110542,"remaining_time":3.016458076},
{"learn":[0.02022053104],"iteration":722,"passed_time":7.84010389,"remaining_time":3.00374658},
{"learn":[0.02022034463],"iteration":723,"passed_time":7.848652511,"remaining_time":2.992027753},
{"learn":[0.02022018933],"iteration":724,"passed_time":7.855117379,"remaining_time":2.979527282},
{"learn":[0.02022019106],"iteration":725,"passed_time":7.863533424,"remaining_time":2.967779832},
{"learn":[0.02022013239],"iteration":726,"passed_time":7.871098233,"remaining_time":2.955721895},
{"learn":[0.02021987879],"iteration":727,"passed_time":7.886045558,"remaining_time":2.946434604},
{"learn":[0.02021972522],"iteration":728,"passed_time":7.896845513,"remaining_time":2.935590033},
{"learn":[0.02021965631],"iteration":729,"passed_time":7.906071884,"remaining_time":2.924163573},
{"learn":[0.02021960449],"iteration":730,"passed_time":7.919131735,"remaining_time":2.914153812},
{"learn":[0.02021962498],"iteration":731,"passed_time":7.924821123,"remaining_time":2.901437242},
{"learn":[0.02021953029],"iteration":732,"passed_time":7.936742032,"remaining_time":2.891009717},
{"learn":[0.02021942476],"iteration":733,"passed_time":7.94654327,"remaining_time":2.879809959},
{"learn":[0.02021940406],"iteration":734,"passed_time":7.95367802,"remaining_time":2.867652619},
{"learn":[0.02021930409],"iteration":735,"passed_time":7.962742428,"remaining_time":2.856201088},
{"learn":[0.02021929379],"iteration":736,"passed_time":7.969010503,"remaining_time":2.843758158},
{"learn":[0.02021915893],"iteration":737,"passed_time":7.977501246,"remaining_time":2.832121038},
{"learn":[0.02021911573],"iteration":738,"passed_time":7.985540749,"remaining_time":2.820333066},
{"learn":[0.02021906219],"iteration":739,"passed_time":7.995213922,"remaining_time":2.809129216},
{"learn":[0.02021862455],"iteration":740,"passed_time":8.0029958,"remaining_time":2.797268438},
{"learn":[0.02021853838],"iteration":741,"passed_time":8.014822467,"remaining_time":2.786825063},
{"learn":[0.02021845912],"iteration":742,"passed_time":8.020655294,"remaining_time":2.774304725},
{"learn":[0.02021836443],"iteration":743,"passed_time":8.030942403,"remaining_time":2.76333502},
{"learn":[0.02021825901],"iteration":744,"passed_time":8.037663561,"remaining_time":2.751146588},
{"learn":[0.02021815214],"iteration":745,"passed_time":8.053554796,"remaining_time":2.742095065},
{"learn":[0.02021817117],"iteration":746,"passed_time":8.063741879,"remaining_time":2.7310933},
{"learn":[0.02021806915],"iteration":747,"passed_time":8.070581046,"remaining_time":2.718965807},
{"learn":[0.02021794863],"iteration":748,"passed_time":8.080664787,"remaining_time":2.707939735},
{"learn":[0.02021796783],"iteration":749,"passed_time":8.097631946,"remaining_time":2.699210649},
{"learn":[0.02021785535],"iteration":750,"passed_time":8.112904127,"remaining_time":2.68989764},
{"learn":[0.02021782596],"iteration":751,"passed_time":8.118048921,"remaining_time":2.6772289},
{"learn":[0.02021770711],"iteration":752,"passed_time":8.130938766,"remaining_time":2.667120684},
{"learn":[0.02021763631],"iteration":753,"passed_time":8.13629801,"remaining_time":2.654548157},
{"learn":[0.02021755521],"iteration":754,"passed_time":8.144416174,"remaining_time":2.642890017},
{"learn":[0.02021754988],"iteration":755,"passed_time":8.14975724,"remaining_time":2.630344929},
{"learn":[0.02021753774],"iteration":756,"passed_time":8.157922211,"remaining_time":2.61872536},
{"learn":[0.02021745476],"iteration":757,"passed_time":8.168084878,"remaining_time":2.607752692},
{"learn":[0.02021732],"iteration":758,"passed_time":8.174741656,"remaining_time":2.595668958},
{"learn":[0.02021723006],"iteration":759,"passed_time":8.187233271,"remaining_time":2.585442085},
{"learn":[0.02021724058],"iteration":760,"passed_time":8.193136363,"remaining_time":2.573140067},
{"learn":[0.02021718353],"iteration":761,"passed_time":8.20413121,"remaining_time":2.562445181},
{"learn":[0.02021707466],"iteration":762,"passed_time":8.209770856,"remaining_time":2.550086098},
{"learn":[0.02021700208],"iteration":763,"passed_time":8.220601897,"remaining_time":2.53934823},
{"learn":[0.02021695732],"iteration":764,"passed_time":8.226226869,"remaining_time":2.527010868},
{"learn":[0.02021693985],"iteration":765,"passed_time":8.236281507,"remaining_time":2.51604422},
{"learn":[0.02021673246],"iteration":766,"passed_time":8.241608173,"remaining_time":2.503643682},
{"learn":[0.02021676018],"iteration":767,"passed_time":8.251063907,"remaining_time":2.492508889},
{"learn":[0.02021647757],"iteration":768,"passed_time":8.257590824,"remaining_time":2.480498674},
{"learn":[0.02021642392],"iteration":769,"passed_time":8.267949877,"remaining_time":2.469647366},
{"learn":[0.02021634104],"iteration":770,"passed_time":8.275346888,"remaining_time":2.457917558},
{"learn":[0.02021615603],"iteration":771,"passed_time":8.286149251,"remaining_time":2.447204701},
{"learn":[0.0202159137],"iteration":772,"passed_time":8.300914056,"remaining_time":2.437655227},
{"learn":[0.02021583778],"iteration":773,"passed_time":8.348250747,"remaining_time":2.437602931},
{"learn":[0.02021580316],"iteration":774,"passed_time":8.355458052,"remaining_time":2.425778144},
{"learn":[0.02021561314],"iteration":775,"passed_time":8.365242191,"remaining_time":2.414709086},
{"learn":[0.02021544711],"iteration":776,"passed_time":8.371108956,"remaining_time":2.402519044},
{"learn":[0.02021536418],"iteration":777,"passed_time":8.380491452,"remaining_time":2.391348461},
{"learn":[0.02021530708],"iteration":778,"passed_time":8.386307729,"remaining_time":2.379170742},
{"learn":[0.02021525181],"iteration":779,"passed_time":8.400619636,"remaining_time":2.369405538},
{"learn":[0.02021517745],"iteration":780,"passed_time":8.405649111,"remaining_time":2.357025807},
{"learn":[0.02021504954],"iteration":781,"passed_time":8.41616514,"remaining_time":2.346194374},
{"learn":[0.02021481838],"iteration":782,"passed_time":8.42143456,"remaining_time":2.333909706},
{"learn":[0.02021421083],"iteration":783,"passed_time":8.431740172,"remaining_time":2.323030456},
{"learn":[0.02021413496],"iteration":784,"passed_time":8.437003706,"remaining_time":2.310771716},
{"learn":[0.02021399163],"iteration":785,"passed_time":8.452591274,"remaining_time":2.301341645},
{"learn":[0.02021392779],"iteration":786,"passed_time":8.462619197,"remaining_time":2.290391218},
{"learn":[0.02021383984],"iteration":787,"passed_time":8.468290043,"remaining_time":2.278270925},
{"learn":[0.02021386395],"iteration":788,"passed_time":8.477822652,"remaining_time":2.267199721},
{"learn":[0.0202135451],"iteration":789,"passed_time":8.484247766,"remaining_time":2.255306368},
{"learn":[0.02021345192],"iteration":790,"passed_time":8.494699997,"remaining_time":2.244490897},
{"learn":[0.020213222],"iteration":791,"passed_time":8.500234898,"remaining_time":2.232384923},
{"learn":[0.02021302831],"iteration":792,"passed_time":8.513263597,"remaining_time":2.222251658},
{"learn":[0.02021262653],"iteration":793,"passed_time":8.527072725,"remaining_time":2.212313578},
{"learn":[0.0202126454],"iteration":794,"passed_time":8.53249266,"remaining_time":2.20020251},
{"learn":[0.0202125195],"iteration":795,"passed_time":8.543867089,"remaining_time":2.189634279},
{"learn":[0.02021252284],"iteration":796,"passed_time":8.550685179,"remaining_time":2.177903502},
{"learn":[0.02021228801],"iteration":797,"passed_time":8.561277621,"remaining_time":2.16714045},
{"learn":[0.02021225684],"iteration":798,"passed_time":8.56682418,"remaining_time":2.155108461},
{"learn":[0.02021151195],"iteration":799,"passed_time":8.577906225,"remaining_time":2.144476556},
{"learn":[0.02021136178],"iteration":800,"passed_time":8.584152219,"remaining_time":2.132642062},
{"learn":[0.02021133045],"iteration":801,"passed_time":8.594671292,"remaining_time":2.121876454},
{"learn":[0.02021130974],"iteration":802,"passed_time":8.600036854,"remaining_time":2.109847148},
{"learn":[0.02021127189],"iteration":803,"passed_time":8.611384602,"remaining_time":2.099292764},
{"learn":[0.02021125107],"iteration":804,"passed_time":8.616798375,"remaining_time":2.087298985},
{"learn":[0.02021112004],"iteration":805,"passed_time":8.626791785,"remaining_time":2.076423829},
{"learn":[0.02021110095],"iteration":806,"passed_time":8.631904896,"remaining_time":2.064383699},
{"learn":[0.02021105954],"iteration":807,"passed_time":8.642350445,"remaining_time":2.053627829},
{"learn":[0.02021078389],"iteration":808,"passed_time":8.647848349,"remaining_time":2.041704616},
{"learn":[0.02021071309],"iteration":809,"passed_time":8.657837662,"remaining_time":2.030850809},
{"learn":[0.02021066984],"iteration":810,"passed_time":8.663512672,"remaining_time":2.018993705},
{"learn":[0.0202106404],"iteration":811,"passed_time":8.674678914,"remaining_time":2.008423197},
{"learn":[0.02021043647],"iteration":812,"passed_time":8.680358723,"remaining_time":1.996589276},
{"learn":[0.02021042951],"iteration":813,"passed_time":8.691027746,"remaining_time":1.985910517},
{"learn":[0.02021032598],"iteration":814,"passed_time":8.697482365,"remaining_time":1.974275138},
{"learn":[0.02021029826],"iteration":815,"passed_time":8.711621949,"remaining_time":1.964385341},
{"learn":[0.02021014297],"iteration":816,"passed_time":8.724713905,"remaining_time":1.954250483},
{"learn":[0.02021002876],"iteration":817,"passed_time":8.735207122,"remaining_time":1.943530191},
{"learn":[0.02020984763],"iteration":818,"passed_time":8.744407329,"remaining_time":1.932524697},
{"learn":[0.02020962132],"iteration":819,"passed_time":8.755551766,"remaining_time":1.921950388},
{"learn":[0.02020952302],"iteration":820,"passed_time":8.761353602,"remaining_time":1.91020986},
{"learn":[0.02020954022],"iteration":821,"passed_time":8.772321533,"remaining_time":1.899602473},
{"learn":[0.02020948662],"iteration":822,"passed_time":8.778052523,"remaining_time":1.887867918},
{"learn":[0.02020939166],"iteration":823,"passed_time":8.788727273,"remaining_time":1.877203884},
{"learn":[0.02020926732],"iteration":824,"passed_time":8.794093043,"remaining_time":1.865413676},
{"learn":[0.02020920347],"iteration":825,"passed_time":8.805156282,"remaining_time":1.854839217},
{"learn":[0.02020914303],"iteration":826,"passed_time":8.811176188,"remaining_time":1.843208562},
{"learn":[0.02020909282],"iteration":827,"passed_time":8.82165083,"remaining_time":1.832516839},
{"learn":[0.02020848183],"iteration":828,"passed_time":8.827109994,"remaining_time":1.820791084},
{"learn":[0.02020831812],"iteration":829,"passed_time":8.837770681,"remaining_time":1.810145802},
{"learn":[0.02020804813],"iteration":830,"passed_time":8.843903497,"remaining_time":1.798579652},
{"learn":[0.02020743465],"iteration":831,"passed_time":8.858158659,"remaining_time":1.788666652},
{"learn":[0.02020725531],"iteration":832,"passed_time":8.869979858,"remaining_time":1.778255266},
{"learn":[0.02020724172],"iteration":833,"passed_time":8.875261686,"remaining_time":1.766538897},
{"learn":[0.02020691387],"iteration":834,"passed_time":8.885624945,"remaining_time":1.755842055},
{"learn":[0.02020672066],"iteration":835,"passed_time":8.891313971,"remaining_time":1.744229057},
{"learn":[0.02020649257],"iteration":836,"passed_time":8.90258124,"remaining_time":1.733716538},
{"learn":[0.02020629764],"iteration":837,"passed_time":8.908500463,"remaining_time":1.722168347},
{"learn":[0.02020623714],"iteration":838,"passed_time":8.920781322,"remaining_time":1.711854342},
{"learn":[0.02020616149],"iteration":839,"passed_time":8.926184286,"remaining_time":1.700225578},
{"learn":[0.02020604528],"iteration":840,"passed_time":8.936896377,"remaining_time":1.689615367},
{"learn":[0.02020595885],"iteration":841,"passed_time":8.95188588,"remaining_time":1.679807564},
{"learn":[0.02020578624],"iteration":842,"passed_time":8.963069002,"remaining_time":1.669278569},
{"learn":[0.02020588114],"iteration":843,"passed_time":8.968712225,"remaining_time":1.657724061},
{"learn":[0.02020569452],"iteration":844,"passed_time":8.979224076,"remaining_time":1.647076606},
{"learn":[0.02020562733],"iteration":845,"passed_time":8.985087646,"remaining_time":1.63558333},
{"learn":[0.02020517638],"iteration":846,"passed_time":8.995839655,"remaining_time":1.624986384},
{"learn":[0.02020512461],"iteration":847,"passed_time":9.00193191,"remaining_time":1.613553833},
{"learn":[0.02020494343],"iteration":848,"passed_time":9.014859935,"remaining_time":1.603349647},
{"learn":[0.02020487608],"iteration":849,"passed_time":9.022814314,"remaining_time":1.59226135},
{"learn":[0.02020486918],"iteration":850,"passed_time":9.029235191,"remaining_time":1.580911919},
{"learn":[0.02020400944],"iteration":851,"passed_time":9.034181818,"remaining_time":1.569317968},
{"learn":[0.02020395945],"iteration":852,"passed_time":9.043726326,"remaining_time":1.558531969},
{"learn":[0.0202035594],"iteration":853,"passed_time":9.049340756,"remaining_time":1.547076991},
{"learn":[0.02020330381],"iteration":854,"passed_time":9.058283021,"remaining_time":1.536200044},
{"learn":[0.02020326935],"iteration":855,"passed_time":9.064048515,"remaining_time":1.524793208},
{"learn":[0.0202030638],"iteration":856,"passed_time":9.073060934,"remaining_time":1.513941323},
{"learn":[0.02020301025],"iteration":857,"passed_time":9.078391011,"remaining_time":1.502484293},
{"learn":[0.02020301025],"iteration":858,"passed_time":9.083299964,"remaining_time":1.490972404},
{"learn":[0.02020292225],"iteration":859,"passed_time":9.093212638,"remaining_time":1.480290429},
{"learn":[0.02020264304],"iteration":860,"passed_time":9.099884409,"remaining_time":1.46908703},
{"learn":[0.02020253762],"iteration":861,"passed_time":9.115557809,"remaining_time":1.459335241},
{"learn":[0.02020230797],"iteration":862,"passed_time":9.127595276,"remaining_time":1.448992529},
{"learn":[0.02020234598],"iteration":863,"passed_time":9.141307663,"remaining_time":1.43890954},
{"learn":[0.02020203199],"iteration":864,"passed_time":9.148347035,"remaining_time":1.427776705},
{"learn":[0.02020203398],"iteration":865,"passed_time":9.158925057,"remaining_time":1.417200875},
{"learn":[0.02020178691],"iteration":866,"passed_time":9.163981939,"remaining_time":1.405778083},
{"learn":[0.02020173342],"iteration":867,"passed_time":9.173278222,"remaining_time":1.395014661},
{"learn":[0.02020159883],"iteration":868,"passed_time":9.178710984,"remaining_time":1.383672197},
{"learn":[0.02020149535],"iteration":869,"passed_time":9.187409413,"remaining_time":1.372831292},
{"learn":[0.0202013537],"iteration":870,"passed_time":9.192660368,"remaining_time":1.361484716},
{"learn":[0.02020139511],"iteration":871,"passed_time":9.19769899,"remaining_time":1.350120953},
{"learn":[0.02020120363],"iteration":872,"passed_time":9.206637068,"remaining_time":1.339338955},
{"learn":[0.02020122083],"iteration":873,"passed_time":9.212514567,"remaining_time":1.328119949},
{"learn":[0.02020092221],"iteration":874,"passed_time":9.226726866,"remaining_time":1.318103838},
{"learn":[0.02020093256],"iteration":875,"passed_time":9.235927164,"remaining_time":1.307368685},
{"learn":[0.02020069061],"iteration":876,"passed_time":9.24516245,"remaining_time":1.29664194},
{"learn":[0.02020060957],"iteration":877,"passed_time":9.2545335,"remaining_time":1.285937457},
{"learn":[0.0202005544],"iteration":878,"passed_time":9.260041405,"remaining_time":1.274704221},
{"learn":[0.02020050776],"iteration":879,"passed_time":9.269365005,"remaining_time":1.264004319},
{"learn":[0.02020037317],"iteration":880,"passed_time":9.274867246,"remaining_time":1.252791376},
{"learn":[0.02020009202],"iteration":881,"passed_time":9.282638247,"remaining_time":1.241894913},
{"learn":[0.02019994697],"iteration":882,"passed_time":9.289295321,"remaining_time":1.23085793},
{"learn":[0.02019994697],"iteration":883,"passed_time":9.2942581,"remaining_time":1.219608529},
{"learn":[0.02019981928],"iteration":884,"passed_time":9.30319156,"remaining_time":1.208889299},
{"learn":[0.02019957431],"iteration":885,"passed_time":9.308597821,"remaining_time":1.197720261},
{"learn":[0.02019947423],"iteration":886,"passed_time":9.317494313,"remaining_time":1.187008858},
{"learn":[0.02019949504],"iteration":887,"passed_time":9.32405694,"remaining_time":1.176007182},
{"learn":[0.02019940871],"iteration":888,"passed_time":9.332737443,"remaining_time":1.165279928},
{"learn":[0.02019929812],"iteration":889,"passed_time":9.338896762,"remaining_time":1.154245667},
{"learn":[0.02019920133],"iteration":890,"passed_time":9.343464914,"remaining_time":1.143027694},
{"learn":[0.02019922036],"iteration":891,"passed_time":9.390038738,"remaining_time":1.13691052},
{"learn":[0.02019906684],"iteration":892,"passed_time":9.39872676,"remaining_time":1.126163229},
{"learn":[0.02019902192],"iteration":893,"passed_time":9.403713452,"remaining_time":1.114981684},
{"learn":[0.02019902888],"iteration":894,"passed_time":9.408773695,"remaining_time":1.103822612},
{"learn":[0.02019895285],"iteration":895,"passed_time":9.417858585,"remaining_time":1.0931443},
{"learn":[0.02019886986],"iteration":896,"passed_time":9.423124411,"remaining_time":1.082031008},
{"learn":[0.02019866442],"iteration":897,"passed_time":9.432828162,"remaining_time":1.071434825},
{"learn":[0.02019848313],"iteration":898,"passed_time":9.438500727,"remaining_time":1.060387735},
{"learn":[0.02019834352],"iteration":899,"passed_time":9.447935714,"remaining_time":1.049770635},
{"learn":[0.02019816542],"iteration":900,"passed_time":9.454259172,"remaining_time":1.038814271},
{"learn":[0.02019792579],"iteration":901,"passed_time":9.462637272,"remaining_time":1.028091411},
{"learn":[0.02019754779],"iteration":902,"passed_time":9.468412703,"remaining_time":1.017094166},
{"learn":[0.02019745801],"iteration":903,"passed_time":9.473461408,"remaining_time":1.0060313},
{"learn":[0.02019735615],"iteration":904,"passed_time":9.482446678,"remaining_time":0.9953949551},
{"learn":[0.02019734925],"iteration":905,"passed_time":9.487780045,"remaining_time":0.9843833601},
{"learn":[0.02019728033],"iteration":906,"passed_time":9.496472026,"remaining_time":0.9737286642},
{"learn":[0.02019703321],"iteration":907,"passed_time":9.50190158,"remaining_time":0.9627477371},
{"learn":[0.02019703477],"iteration":908,"passed_time":9.509521589,"remaining_time":0.9519983109},
{"learn":[0.02019690859],"iteration":909,"passed_time":9.51545667,"remaining_time":0.9410891212},
{"learn":[0.02019688422],"iteration":910,"passed_time":9.521154057,"remaining_time":0.9301676302},
{"learn":[0.02019674968],"iteration":911,"passed_time":9.53014687,"remaining_time":0.9195755752},
{"learn":[0.0201965423],"iteration":912,"passed_time":9.537029427,"remaining_time":0.9087859366},
{"learn":[0.02019657017],"iteration":913,"passed_time":9.548537055,"remaining_time":0.8984400293},
{"learn":[0.020196475],"iteration":914,"passed_time":9.561182917,"remaining_time":0.8881973201},
{"learn":[0.02019647851],"iteration":915,"passed_time":9.568006122,"remaining_time":0.8774154086},
{"learn":[0.02019628843],"iteration":916,"passed_time":9.578250055,"remaining_time":0.8669517498},
{"learn":[0.02019628331],"iteration":917,"passed_time":9.584249825,"remaining_time":0.8561094615},
{"learn":[0.02019597773],"iteration":918,"passed_time":9.594034342,"remaining_time":0.8456112967},
{"learn":[0.02019586228],"iteration":919,"passed_time":9.600545119,"remaining_time":0.8348300104},
{"learn":[0.0201957829],"iteration":920,"passed_time":9.651985682,"remaining_time":0.8279119098},
{"learn":[0.0201957829],"iteration":921,"passed_time":9.675536859,"remaining_time":0.8185378253},
{"learn":[0.02019574845],"iteration":922,"passed_time":9.683654342,"remaining_time":0.8078454868},
{"learn":[0.02019574845],"iteration":923,"passed_time":9.717823303,"remaining_time":0.7993014838},
{"learn":[0.02019570003],"iteration":924,"passed_time":9.749323251,"remaining_time":0.790485669},
{"learn":[0.02019562933],"iteration":925,"passed_time":9.757724419,"remaining_time":0.7797749535},
{"learn":[0.02019558959],"iteration":926,"passed_time":9.765730903,"remaining_time":0.7690381401},
{"learn":[0.02019550688],"iteration":927,"passed_time":9.777841388,"remaining_time":0.7586256249},
{"learn":[0.02019532915],"iteration":928,"passed_time":9.786416434,"remaining_time":0.7479392539},
{"learn":[0.02019525328],"iteration":929,"passed_time":9.796441117,"remaining_time":0.7373665357},
{"learn":[0.0201952412],"iteration":930,"passed_time":9.806753959,"remaining_time":0.7268163514},
{"learn":[0.02019513077],"iteration":931,"passed_time":9.813504243,"remaining_time":0.7160067474},
{"learn":[0.02019481332],"iteration":932,"passed_time":9.824229392,"remaining_time":0.7054912854},
{"learn":[0.02019464595],"iteration":933,"passed_time":9.830022874,"remaining_time":0.694626884},
{"learn":[0.02019466347],"iteration":934,"passed_time":9.839208729,"remaining_time":0.684009163},
{"learn":[0.02019455466],"iteration":935,"passed_time":9.844857517,"remaining_time":0.6731526508},
{"learn":[0.02019426121],"iteration":936,"passed_time":9.859055369,"remaining_time":0.6628820579},
{"learn":[0.02019416453],"iteration":937,"passed_time":9.864215757,"remaining_time":0.6520057323},
{"learn":[0.02019414037],"iteration":938,"passed_time":9.87531167,"remaining_time":0.6415271692},
{"learn":[0.02019410931],"iteration":939,"passed_time":9.880711174,"remaining_time":0.6306836919},
{"learn":[0.02019386774],"iteration":940,"passed_time":9.890563174,"remaining_time":0.6201309535},
{"learn":[0.02019387291],"iteration":941,"passed_time":9.896422946,"remaining_time":0.6093338969},
{"learn":[0.02019387119],"iteration":942,"passed_time":9.906014347,"remaining_time":0.5987728714},
{"learn":[0.02019358459],"iteration":943,"passed_time":9.911599533,"remaining_time":0.5879762435},
{"learn":[0.02019350182],"iteration":944,"passed_time":9.920400083,"remaining_time":0.5773777826},
{"learn":[0.02019340336],"iteration":945,"passed_time":9.926287429,"remaining_time":0.56661683},
{"learn":[0.02019334647],"iteration":946,"passed_time":9.934700862,"remaining_time":0.5560075456},
{"learn":[0.02019325653],"iteration":947,"passed_time":9.940730153,"remaining_time":0.5452721181},
{"learn":[0.02019310463],"iteration":948,"passed_time":9.945789391,"remaining_time":0.5344944773},
{"learn":[0.02019297866],"iteration":949,"passed_time":9.952556566,"remaining_time":0.5238187666},
{"learn":[0.02019290258],"iteration":950,"passed_time":9.957827158,"remaining_time":0.5130741648},
{"learn":[0.02019277327],"iteration":951,"passed_time":9.968500899,"remaining_time":0.5026134907},
{"learn":[0.02019219339],"iteration":952,"passed_time":9.981337268,"remaining_time":0.4922590258},
{"learn":[0.02019203604],"iteration":953,"passed_time":9.988014924,"remaining_time":0.4816023967},
{"learn":[0.02019167223],"iteration":954,"passed_time":9.997958825,"remaining_time":0.4711080074},
{"learn":[0.02019161011],"iteration":955,"passed_time":10.00427941,"remaining_time":0.4604480061},
{"learn":[0.02019148921],"iteration":956,"passed_time":10.01355367,"remaining_time":0.4499297888},
{"learn":[0.02019148414],"iteration":957,"passed_time":10.01886361,"remaining_time":0.4392403672},
{"learn":[0.02019136853],"iteration":958,"passed_time":10.02674014,"remaining_time":0.4286718932},
{"learn":[0.02019132022],"iteration":959,"passed_time":10.03323762,"remaining_time":0.4180515674},
{"learn":[0.0201910752],"iteration":960,"passed_time":10.038382,"remaining_time":0.4073849093},
{"learn":[0.02019101653],"iteration":961,"passed_time":10.04739508,"remaining_time":0.3968825498},
{"learn":[0.02019087158],"iteration":962,"passed_time":10.05338657,"remaining_time":0.386267189},
{"learn":[0.02019081815],"iteration":963,"passed_time":10.06302243,"remaining_time":0.3757975183},
{"learn":[0.02019077501],"iteration":964,"passed_time":10.06953865,"remaining_time":0.3652164279},
{"learn":[0.02019074568],"iteration":965,"passed_time":10.07853768,"remaining_time":0.3547311398},
{"learn":[0.02019070415],"iteration":966,"passed_time":10.08504916,"remaining_time":0.3441640356},
{"learn":[0.02019068194],"iteration":967,"passed_time":10.0957304,"remaining_time":0.3337431536},
{"learn":[0.02019068528],"iteration":968,"passed_time":10.10198523,"remaining_time":0.323180126},
{"learn":[0.02019052988],"iteration":969,"passed_time":10.11639014,"remaining_time":0.3128780456},
{"learn":[0.02019046053],"iteration":970,"passed_time":10.12523469,"remaining_time":0.3024014481},
{"learn":[0.02019032788],"iteration":971,"passed_time":10.13093564,"remaining_time":0.2918376521},
{"learn":[0.02019028992],"iteration":972,"passed_time":10.13607889,"remaining_time":0.2812683761},
{"learn":[0.02019017426],"iteration":973,"passed_time":10.14518805,"remaining_time":0.2708161082},
{"learn":[0.02019017426],"iteration":974,"passed_time":10.15080182,"remaining_time":0.2602769697},
{"learn":[0.02019020699],"iteration":975,"passed_time":10.16031557,"remaining_time":0.2498438254},
{"learn":[0.0201899776],"iteration":976,"passed_time":10.16720907,"remaining_time":0.2393508788},
{"learn":[0.02018968966],"iteration":977,"passed_time":10.18197629,"remaining_time":0.2290424115},
{"learn":[0.02018954336],"iteration":978,"passed_time":10.19370662,"remaining_time":0.2186596926},
{"learn":[0.0201895225],"iteration":979,"passed_time":10.19961063,"remaining_time":0.2081553189},
{"learn":[0.02018935356],"iteration":980,"passed_time":10.21059343,"remaining_time":0.1977586903},
{"learn":[0.02018935356],"iteration":981,"passed_time":10.21607034,"remaining_time":0.1872599452},
{"learn":[0.02018935356],"iteration":982,"passed_time":10.22584244,"remaining_time":0.1768456983},
{"learn":[0.02018936369],"iteration":983,"passed_time":10.23133338,"remaining_time":0.1663631444},
{"learn":[0.02018929818],"iteration":984,"passed_time":10.24042815,"remaining_time":0.1559456064},
{"learn":[0.02018912886],"iteration":985,"passed_time":10.24635526,"remaining_time":0.1454857744},
{"learn":[0.02018885979],"iteration":986,"passed_time":10.25814376,"remaining_time":0.1351123292},
{"learn":[0.02018863547],"iteration":987,"passed_time":10.26382775,"remaining_time":0.1246618755},
{"learn":[0.02018866486],"iteration":988,"passed_time":10.27473646,"remaining_time":0.114279172},
{"learn":[0.02018838705],"iteration":989,"passed_time":10.28032492,"remaining_time":0.1038416659},
{"learn":[0.0201882283],"iteration":990,"passed_time":10.29116343,"remaining_time":0.09346162552},
{"learn":[0.02018824901],"iteration":991,"passed_time":10.29643093,"remaining_time":0.08303573327},
{"learn":[0.02018771393],"iteration":992,"passed_time":10.30676914,"remaining_time":0.07265597581},
{"learn":[0.02018771744],"iteration":993,"passed_time":10.31314789,"remaining_time":0.06225240178},
{"learn":[0.02018759336],"iteration":994,"passed_time":10.32397813,"remaining_time":0.0518792871},
{"learn":[0.02018757616],"iteration":995,"passed_time":10.32999783,"remaining_time":0.04148593506},
{"learn":[0.02018727053],"iteration":996,"passed_time":10.33966159,"remaining_time":0.03111232173},
{"learn":[0.02018716182],"iteration":997,"passed_time":10.34491259,"remaining_time":0.02073128775},
{"learn":[0.02018717374],"iteration":998,"passed_time":10.35558031,"remaining_time":0.01036594626},
{"learn":[0.02018707366],"iteration":999,"passed_time":10.36091577,"remaining_time":0}
]}